Sample_ID	Original_Cluster	Rank
2999935489	Cluster 12	1
4999934593	Cluster 12	1
4999934775	Cluster 12	1
5000063446	Cluster 12	1
5000065258	Cluster 12	1
6000064960	Cluster 12	1
6000065054	Cluster 12	1
6999935877	Cluster 12	1
7000064368	Cluster 12	1
AYUM0450	Cluster 12	1
AYUM0460	Cluster 12	1
AYUM0593	Cluster 12	1
AYUM5043	Cluster 12	1
C_AC0006	Cluster 12	1
C_AC0092	Cluster 12	1
C_AC0097	Cluster 12	1
C_AC0141	Cluster 12	1
C_AC0214	Cluster 12	1
C_AC0216	Cluster 12	1
C_AC0286	Cluster 12	1
C_AC0292	Cluster 12	1
C_AC0334	Cluster 12	1
C_AC0387	Cluster 12	1
C_AC0389	Cluster 12	1
C_AC0433	Cluster 12	1
C_AC0456	Cluster 12	1
C_AC0473	Cluster 12	1
C_AC0484	Cluster 12	1
C_AC0492	Cluster 12	1
C_AC0538	Cluster 12	1
C_AC0542	Cluster 12	1
C_AC0572	Cluster 12	1
C_AC0651	Cluster 12	1
C_AC0696	Cluster 12	1
C_AC0723	Cluster 12	1
C_AC0766	Cluster 12	1
C_AC0809	Cluster 12	1
C_AC0815	Cluster 12	1
C_AC0839	Cluster 12	1
C_AC0840	Cluster 12	1
C_AC0853	Cluster 12	1
C_AC0871	Cluster 12	1
C_AC0909	Cluster 12	1
C_AC0953	Cluster 12	1
C_AC1498	Cluster 12	1
C_AC1500	Cluster 12	1
C_AC1549	Cluster 12	1
C_AC1587	Cluster 12	1
C_AC1682	Cluster 12	1
HVUM0010	Cluster 12	1
HVUM0048	Cluster 12	1
HVUM0077	Cluster 12	1
HVUM0295	Cluster 12	1
HVUM0296	Cluster 12	1
HVUM0314	Cluster 12	1
HVUM0375	Cluster 12	1
HVUM0492	Cluster 12	1
HVUM0641	Cluster 12	1
HVUM0733	Cluster 12	1
HVUM0734	Cluster 12	1
HVUM1007	Cluster 12	1
LCAC0062	Cluster 12	1
LCAC0096	Cluster 12	1
LCAC0109	Cluster 12	1
LCAC0139	Cluster 12	1
LCAC0183	Cluster 12	1
LCAC0188	Cluster 12	1
LCAC0207	Cluster 12	1
LCAC0266	Cluster 12	1
LCAC0276	Cluster 12	1
LCAC0308	Cluster 12	1
LCAC0360	Cluster 12	1
LCAC0389	Cluster 12	1
LCAC0451	Cluster 12	1
LCAC0453	Cluster 12	1
LCAC0459	Cluster 12	1
LCAC0477	Cluster 12	1
LCAC0487	Cluster 12	1
LCAC0523	Cluster 12	1
LCAC0526	Cluster 12	1
LCAC0571	Cluster 12	1
LCAC0612	Cluster 12	1
LCAC0669	Cluster 12	1
LCAC0674	Cluster 12	1
LCAC0771	Cluster 12	1
LCAC0809	Cluster 12	1
LCAC0820	Cluster 12	1
LCAC0848	Cluster 12	1
LCAC0903	Cluster 12	1
NAG10110	Cluster 12	1
NAG10200	Cluster 12	1
NAG10262	Cluster 12	1
NAG11096	Cluster 12	1
NAG11116	Cluster 12	1
NAG11524	Cluster 12	1
NAG12131	Cluster 12	1
NAG12260	Cluster 12	1
NAG12763	Cluster 12	1
NAG13333	Cluster 12	1
NAG13380	Cluster 12	1
NAG13503	Cluster 12	1
NAG13563	Cluster 12	1
NAG13709	Cluster 12	1
NAG13994	Cluster 12	1
NAG14572	Cluster 12	1
NAG14822	Cluster 12	1
NAG14826	Cluster 12	1
NAG14841	Cluster 12	1
NAG14927	Cluster 12	1
NAG15244	Cluster 12	1
NAG15251	Cluster 12	1
NAG15320	Cluster 12	1
NAG15665	Cluster 12	1
NAG15799	Cluster 12	1
NAG15985	Cluster 12	1
NAG16222	Cluster 12	1
NAG16385	Cluster 12	1
NAG16497	Cluster 12	1
NAG16581	Cluster 12	1
NAG17019	Cluster 12	1
NAG17042	Cluster 12	1
NAG17318	Cluster 12	1
NAG18241	Cluster 12	1
NAG18502	Cluster 12	1
NAG18523	Cluster 12	1
NAG18599	Cluster 12	1
NAG18648	Cluster 12	1
NAG18670	Cluster 12	1
NAG18745	Cluster 12	1
NAG18756	Cluster 12	1
NAG19506	Cluster 12	1
NAG19775	Cluster 12	1
PHOK0021	Cluster 12	1
PHOK0043	Cluster 12	1
PHOK0046	Cluster 12	1
PHOK0173	Cluster 12	1
PHOK0176	Cluster 12	1
PHOK0197	Cluster 12	1
PHOK0200	Cluster 12	1
PHOK0261	Cluster 12	1
PHOK0308	Cluster 12	1
PHOK0375	Cluster 12	1
PHOK0393	Cluster 12	1
PHOM0005	Cluster 12	1
PHOM0011	Cluster 12	1
PHOM0020	Cluster 12	1
PHOM0026	Cluster 12	1
PHOM0034	Cluster 12	1
PHOM0049	Cluster 12	1
PHOM0050	Cluster 12	1
PHOM0075	Cluster 12	1
PHOM0091	Cluster 12	1
PHOM0113	Cluster 12	1
PHOM0122	Cluster 12	1
PHOM0123	Cluster 12	1
PHOM0124	Cluster 12	1
PHOM0125	Cluster 12	1
PHOM0134	Cluster 12	1
PHOM0138	Cluster 12	1
PHOM0173	Cluster 12	1
PHOM0204	Cluster 12	1
PHOM0207	Cluster 12	1
PHOM0208	Cluster 12	1
PHOM0233	Cluster 12	1
PHOM0247	Cluster 12	1
PHOM0268	Cluster 12	1
PHOM0329	Cluster 12	1
PHOM0342	Cluster 12	1
PHOM0344	Cluster 12	1
PHOM0355	Cluster 12	1
PHOM0359	Cluster 12	1
PHOM0360	Cluster 12	1
PHOM0370	Cluster 12	1
PHOM0375	Cluster 12	1
PHOM0384	Cluster 12	1
PHOM0391	Cluster 12	1
PHOM0415	Cluster 12	1
PHOM0416	Cluster 12	1
PHOM0421	Cluster 12	1
PHOM0438	Cluster 12	1
PHOM0451	Cluster 12	1
PHOM0453	Cluster 12	1
PHOM0466	Cluster 12	1
PHOM0496	Cluster 12	1
PHOM0508	Cluster 12	1
PHOM0520	Cluster 12	1
PHOM0521	Cluster 12	1
PHOM0524	Cluster 12	1
PHOM0532	Cluster 12	1
PHOM0538	Cluster 12	1
PHOM0542	Cluster 12	1
PHOM0547	Cluster 12	1
PHOM0557	Cluster 12	1
PHOM0570	Cluster 12	1
PHOM0575	Cluster 12	1
PHOM0579	Cluster 12	1
PHOM0586	Cluster 12	1
PHOM0632	Cluster 12	1
PHOM0643	Cluster 12	1
PHYM0001	Cluster 12	1
0000064936	Cluster 3	2
0999936095	Cluster 3	2
1000065530	Cluster 3	2
1999936719	Cluster 3	2
2999935499	Cluster 3	2
3999935035	Cluster 3	2
3999937247	Cluster 3	2
4000063956	Cluster 3	2
4000064330	Cluster 3	2
4000064360	Cluster 3	2
4000065308	Cluster 3	2
4000065328	Cluster 3	2
4000065962	Cluster 3	2
4000065972	Cluster 3	2
4000066834	Cluster 3	2
6000063758	Cluster 3	2
6000066322	Cluster 3	2
6999936979	Cluster 3	2
6999937365	Cluster 3	2
6999937465	Cluster 3	2
7000063132	Cluster 3	2
7999935503	Cluster 3	2
8000063380	Cluster 3	2
8000063792	Cluster 3	2
8000064084	Cluster 3	2
8999935699	Cluster 3	2
8999935729	Cluster 3	2
9000064066	Cluster 3	2
9000065132	Cluster 3	2
9999934833	Cluster 3	2
9999935333	Cluster 3	2
9999935357	Cluster 3	2
9999935363	Cluster 3	2
9999935377	Cluster 3	2
AYUM0008	Cluster 3	2
AYUM0034	Cluster 3	2
AYUM0047	Cluster 3	2
AYUM0058	Cluster 3	2
AYUM0063	Cluster 3	2
AYUM0076	Cluster 3	2
AYUM0092	Cluster 3	2
AYUM0285	Cluster 3	2
AYUM0437	Cluster 3	2
AYUM0549	Cluster 3	2
AYUM0655	Cluster 3	2
AYUM0672	Cluster 3	2
AYUM0726	Cluster 3	2
C_AC0086	Cluster 3	2
C_AC0179	Cluster 3	2
C_AC0188	Cluster 3	2
C_AC0255	Cluster 3	2
C_AC0299	Cluster 3	2
C_AC0470	Cluster 3	2
C_AC0479	Cluster 3	2
C_AC0531	Cluster 3	2
C_AC0550	Cluster 3	2
C_AC0666	Cluster 3	2
C_AC0709	Cluster 3	2
C_AC0719	Cluster 3	2
C_AC0754	Cluster 3	2
C_AC0761	Cluster 3	2
C_AC0800	Cluster 3	2
C_AC0814	Cluster 3	2
C_AC0879	Cluster 3	2
C_AC0915	Cluster 3	2
C_AC0994	Cluster 3	2
C_AC1512	Cluster 3	2
C_AC1539	Cluster 3	2
C_AC1548	Cluster 3	2
C_AC1579	Cluster 3	2
C_AC1606	Cluster 3	2
C_AC1623	Cluster 3	2
C_AC1681	Cluster 3	2
C_AC1703	Cluster 3	2
C_AC1704	Cluster 3	2
HVUM0002	Cluster 3	2
HVUM0021	Cluster 3	2
HVUM0023	Cluster 3	2
HVUM0060	Cluster 3	2
HVUM0062	Cluster 3	2
HVUM0157	Cluster 3	2
HVUM0161	Cluster 3	2
HVUM0162	Cluster 3	2
HVUM0396	Cluster 3	2
HVUM0478	Cluster 3	2
HVUM0564	Cluster 3	2
HVUM0731	Cluster 3	2
LCAC0044	Cluster 3	2
LCAC0081	Cluster 3	2
LCAC0110	Cluster 3	2
LCAC0160	Cluster 3	2
LCAC0189	Cluster 3	2
LCAC0220	Cluster 3	2
LCAC0281	Cluster 3	2
LCAC0295	Cluster 3	2
LCAC0346	Cluster 3	2
LCAC0726	Cluster 3	2
LCAC0802	Cluster 3	2
LCAC0845	Cluster 3	2
LCAC0880	Cluster 3	2
NAG10169	Cluster 3	2
NAG10227	Cluster 3	2
NAG10367	Cluster 3	2
NAG10572	Cluster 3	2
NAG11131	Cluster 3	2
NAG11534	Cluster 3	2
NAG11955	Cluster 3	2
NAG12317	Cluster 3	2
NAG12330	Cluster 3	2
NAG12340	Cluster 3	2
NAG12731	Cluster 3	2
NAG13231	Cluster 3	2
NAG13373	Cluster 3	2
NAG13390	Cluster 3	2
NAG13662	Cluster 3	2
NAG14055	Cluster 3	2
NAG14320	Cluster 3	2
NAG15396	Cluster 3	2
NAG15663	Cluster 3	2
NAG15906	Cluster 3	2
NAG16542	Cluster 3	2
NAG17569	Cluster 3	2
NAG17995	Cluster 3	2
NAG19291	Cluster 3	2
NAG19461	Cluster 3	2
NAG19744	Cluster 3	2
NAG19834	Cluster 3	2
PHOK0015	Cluster 3	2
PHOK0146	Cluster 3	2
PHOK0184	Cluster 3	2
PHOK0389	Cluster 3	2
PHOM0003	Cluster 3	2
PHOM0009	Cluster 3	2
PHOM0010	Cluster 3	2
PHOM0021	Cluster 3	2
PHOM0027	Cluster 3	2
PHOM0063	Cluster 3	2
PHOM0089	Cluster 3	2
PHOM0115	Cluster 3	2
PHOM0119	Cluster 3	2
PHOM0127	Cluster 3	2
PHOM0131	Cluster 3	2
PHOM0132	Cluster 3	2
PHOM0140	Cluster 3	2
PHOM0156	Cluster 3	2
PHOM0157	Cluster 3	2
PHOM0161	Cluster 3	2
PHOM0166	Cluster 3	2
PHOM0176	Cluster 3	2
PHOM0187	Cluster 3	2
PHOM0198	Cluster 3	2
PHOM0202	Cluster 3	2
PHOM0205	Cluster 3	2
PHOM0241	Cluster 3	2
PHOM0259	Cluster 3	2
PHOM0272	Cluster 3	2
PHOM0308	Cluster 3	2
PHOM0361	Cluster 3	2
PHOM0366	Cluster 3	2
PHOM0376	Cluster 3	2
PHOM0401	Cluster 3	2
PHOM0407	Cluster 3	2
PHOM0410	Cluster 3	2
PHOM0452	Cluster 3	2
PHOM0467	Cluster 3	2
PHOM0479	Cluster 3	2
PHOM0483	Cluster 3	2
PHOM0487	Cluster 3	2
PHOM0501	Cluster 3	2
PHOM0581	Cluster 3	2
PHOM0619	Cluster 3	2
PHOM0652	Cluster 3	2
0999933459	Cluster 25	3
1999935315	Cluster 25	3
2999935519	Cluster 25	3
2999936417	Cluster 25	3
2999936447	Cluster 25	3
4000064320	Cluster 25	3
4000066002	Cluster 25	3
5999935671	Cluster 25	3
8000063370	Cluster 25	3
8000064706	Cluster 25	3
AYUM0031	Cluster 25	3
AYUM0118	Cluster 25	3
AYUM0159	Cluster 25	3
AYUM0207	Cluster 25	3
AYUM0455	Cluster 25	3
AYUM0637	Cluster 25	3
AYUM0640	Cluster 25	3
AYUM1014	Cluster 25	3
AYUM5020	Cluster 25	3
C_AC0103	Cluster 25	3
C_AC0180	Cluster 25	3
C_AC0190	Cluster 25	3
C_AC0340	Cluster 25	3
C_AC0349	Cluster 25	3
C_AC0414	Cluster 25	3
C_AC0424	Cluster 25	3
C_AC0450	Cluster 25	3
C_AC0605	Cluster 25	3
C_AC0608	Cluster 25	3
C_AC0617	Cluster 25	3
C_AC0620	Cluster 25	3
C_AC0625	Cluster 25	3
C_AC0640	Cluster 25	3
C_AC0747	Cluster 25	3
C_AC0878	Cluster 25	3
C_AC0921	Cluster 25	3
C_AC0946	Cluster 25	3
C_AC0956	Cluster 25	3
C_AC0968	Cluster 25	3
C_AC1533	Cluster 25	3
C_AC1690	Cluster 25	3
C_AC1702	Cluster 25	3
HVUM0056	Cluster 25	3
HVUM0064	Cluster 25	3
HVUM0083	Cluster 25	3
HVUM0202	Cluster 25	3
HVUM0322	Cluster 25	3
HVUM0324	Cluster 25	3
HVUM0509	Cluster 25	3
HVUM0585	Cluster 25	3
HVUM0634	Cluster 25	3
HVUM0684	Cluster 25	3
HVUM0724	Cluster 25	3
HVUM0787	Cluster 25	3
LCAC0004	Cluster 25	3
LCAC0035	Cluster 25	3
LCAC0055	Cluster 25	3
LCAC0106	Cluster 25	3
LCAC0119	Cluster 25	3
LCAC0178	Cluster 25	3
LCAC0250	Cluster 25	3
LCAC0299	Cluster 25	3
LCAC0311	Cluster 25	3
LCAC0327	Cluster 25	3
LCAC0367	Cluster 25	3
LCAC0390	Cluster 25	3
LCAC0420	Cluster 25	3
LCAC0443	Cluster 25	3
LCAC0472	Cluster 25	3
LCAC0511	Cluster 25	3
LCAC0550	Cluster 25	3
LCAC0586	Cluster 25	3
LCAC0651	Cluster 25	3
LCAC0700	Cluster 25	3
LCAC0702	Cluster 25	3
LCAC0705	Cluster 25	3
LCAC0736	Cluster 25	3
LCAC0786	Cluster 25	3
LCAC0866	Cluster 25	3
LCAC0902	Cluster 25	3
LCAC0912	Cluster 25	3
NAG10005	Cluster 25	3
NAG10030	Cluster 25	3
NAG10049	Cluster 25	3
NAG10104	Cluster 25	3
NAG10136	Cluster 25	3
NAG10188	Cluster 25	3
NAG10219	Cluster 25	3
NAG10244	Cluster 25	3
NAG10258	Cluster 25	3
NAG10293	Cluster 25	3
NAG10375	Cluster 25	3
NAG10381	Cluster 25	3
NAG10441	Cluster 25	3
NAG10529	Cluster 25	3
NAG10534	Cluster 25	3
NAG10571	Cluster 25	3
NAG10598	Cluster 25	3
NAG10656	Cluster 25	3
NAG10699	Cluster 25	3
NAG10722	Cluster 25	3
NAG10728	Cluster 25	3
NAG10747	Cluster 25	3
NAG10790	Cluster 25	3
NAG10810	Cluster 25	3
NAG10877	Cluster 25	3
NAG10903	Cluster 25	3
NAG10908	Cluster 25	3
NAG10928	Cluster 25	3
NAG10965	Cluster 25	3
NAG10977	Cluster 25	3
NAG11125	Cluster 25	3
NAG11153	Cluster 25	3
NAG11158	Cluster 25	3
NAG11248	Cluster 25	3
NAG11296	Cluster 25	3
NAG11310	Cluster 25	3
NAG11373	Cluster 25	3
NAG11443	Cluster 25	3
NAG11538	Cluster 25	3
NAG11544	Cluster 25	3
NAG11651	Cluster 25	3
NAG11661	Cluster 25	3
NAG11733	Cluster 25	3
NAG11734	Cluster 25	3
NAG11744	Cluster 25	3
NAG11935	Cluster 25	3
NAG11944	Cluster 25	3
NAG11985	Cluster 25	3
NAG12051	Cluster 25	3
NAG12092	Cluster 25	3
NAG12307	Cluster 25	3
NAG12313	Cluster 25	3
NAG12331	Cluster 25	3
NAG12383	Cluster 25	3
NAG12420	Cluster 25	3
NAG12567	Cluster 25	3
NAG12575	Cluster 25	3
NAG12583	Cluster 25	3
NAG12626	Cluster 25	3
NAG12629	Cluster 25	3
NAG12634	Cluster 25	3
NAG12652	Cluster 25	3
NAG12720	Cluster 25	3
NAG12767	Cluster 25	3
NAG12890	Cluster 25	3
NAG12919	Cluster 25	3
NAG12982	Cluster 25	3
NAG13083	Cluster 25	3
NAG13136	Cluster 25	3
NAG13232	Cluster 25	3
NAG13245	Cluster 25	3
NAG13260	Cluster 25	3
NAG13275	Cluster 25	3
NAG13381	Cluster 25	3
NAG13391	Cluster 25	3
NAG13458	Cluster 25	3
NAG13581	Cluster 25	3
NAG13636	Cluster 25	3
NAG13736	Cluster 25	3
NAG13769	Cluster 25	3
NAG13828	Cluster 25	3
NAG13839	Cluster 25	3
NAG13927	Cluster 25	3
NAG13978	Cluster 25	3
NAG14091	Cluster 25	3
NAG14103	Cluster 25	3
NAG14261	Cluster 25	3
NAG14299	Cluster 25	3
NAG14331	Cluster 25	3
NAG14353	Cluster 25	3
NAG14355	Cluster 25	3
NAG14381	Cluster 25	3
NAG14396	Cluster 25	3
NAG14410	Cluster 25	3
NAG14418	Cluster 25	3
NAG14461	Cluster 25	3
NAG14503	Cluster 25	3
NAG14583	Cluster 25	3
NAG14586	Cluster 25	3
NAG14595	Cluster 25	3
NAG14708	Cluster 25	3
NAG14742	Cluster 25	3
NAG14769	Cluster 25	3
NAG14802	Cluster 25	3
NAG14890	Cluster 25	3
NAG14913	Cluster 25	3
NAG14935	Cluster 25	3
NAG14943	Cluster 25	3
NAG14951	Cluster 25	3
NAG14985	Cluster 25	3
NAG15016	Cluster 25	3
NAG15050	Cluster 25	3
NAG15166	Cluster 25	3
NAG15210	Cluster 25	3
NAG15233	Cluster 25	3
NAG15313	Cluster 25	3
NAG15360	Cluster 25	3
NAG15425	Cluster 25	3
NAG15467	Cluster 25	3
NAG15584	Cluster 25	3
NAG15646	Cluster 25	3
NAG15655	Cluster 25	3
NAG15688	Cluster 25	3
NAG15785	Cluster 25	3
NAG15818	Cluster 25	3
NAG15828	Cluster 25	3
NAG15887	Cluster 25	3
NAG15893	Cluster 25	3
NAG15977	Cluster 25	3
NAG15978	Cluster 25	3
NAG15982	Cluster 25	3
NAG15991	Cluster 25	3
NAG16000	Cluster 25	3
NAG16053	Cluster 25	3
NAG16055	Cluster 25	3
NAG16151	Cluster 25	3
NAG16154	Cluster 25	3
NAG16181	Cluster 25	3
NAG16217	Cluster 25	3
NAG16337	Cluster 25	3
NAG16367	Cluster 25	3
NAG16412	Cluster 25	3
NAG16437	Cluster 25	3
NAG16510	Cluster 25	3
NAG16644	Cluster 25	3
NAG16754	Cluster 25	3
NAG16759	Cluster 25	3
NAG16764	Cluster 25	3
NAG16802	Cluster 25	3
NAG16860	Cluster 25	3
NAG16897	Cluster 25	3
NAG16908	Cluster 25	3
NAG17009	Cluster 25	3
NAG17039	Cluster 25	3
NAG17106	Cluster 25	3
NAG17151	Cluster 25	3
NAG17351	Cluster 25	3
NAG17355	Cluster 25	3
NAG17372	Cluster 25	3
NAG17380	Cluster 25	3
NAG17437	Cluster 25	3
NAG17465	Cluster 25	3
NAG17466	Cluster 25	3
NAG17496	Cluster 25	3
NAG17530	Cluster 25	3
NAG17592	Cluster 25	3
NAG17623	Cluster 25	3
NAG17816	Cluster 25	3
NAG17903	Cluster 25	3
NAG18026	Cluster 25	3
NAG18144	Cluster 25	3
NAG18167	Cluster 25	3
NAG18193	Cluster 25	3
NAG18200	Cluster 25	3
NAG18223	Cluster 25	3
NAG18271	Cluster 25	3
NAG18303	Cluster 25	3
NAG18398	Cluster 25	3
NAG18447	Cluster 25	3
NAG18527	Cluster 25	3
NAG18536	Cluster 25	3
NAG18539	Cluster 25	3
NAG18554	Cluster 25	3
NAG18576	Cluster 25	3
NAG18577	Cluster 25	3
NAG18592	Cluster 25	3
NAG18623	Cluster 25	3
NAG18743	Cluster 25	3
NAG18813	Cluster 25	3
NAG18901	Cluster 25	3
NAG18916	Cluster 25	3
NAG19061	Cluster 25	3
NAG19067	Cluster 25	3
NAG19083	Cluster 25	3
NAG19095	Cluster 25	3
NAG19125	Cluster 25	3
NAG19135	Cluster 25	3
NAG19136	Cluster 25	3
NAG19148	Cluster 25	3
NAG19159	Cluster 25	3
NAG19178	Cluster 25	3
NAG19210	Cluster 25	3
NAG19242	Cluster 25	3
NAG19248	Cluster 25	3
NAG19256	Cluster 25	3
NAG19293	Cluster 25	3
NAG19307	Cluster 25	3
NAG19338	Cluster 25	3
NAG19357	Cluster 25	3
NAG19384	Cluster 25	3
NAG19403	Cluster 25	3
NAG19449	Cluster 25	3
NAG19530	Cluster 25	3
NAG19549	Cluster 25	3
NAG19553	Cluster 25	3
NAG19572	Cluster 25	3
NAG19685	Cluster 25	3
NAG19797	Cluster 25	3
NAG19800	Cluster 25	3
NAG19819	Cluster 25	3
NAG19908	Cluster 25	3
NAG19922	Cluster 25	3
PHHK0003	Cluster 25	3
PHOK0016	Cluster 25	3
PHOK0023	Cluster 25	3
PHOK0059	Cluster 25	3
PHOK0092	Cluster 25	3
PHOK0135	Cluster 25	3
PHOK0150	Cluster 25	3
PHOK0155	Cluster 25	3
PHOK0158	Cluster 25	3
PHOK0167	Cluster 25	3
PHOK0210	Cluster 25	3
PHOK0228	Cluster 25	3
PHOK0230	Cluster 25	3
PHOK0243	Cluster 25	3
PHOK0330	Cluster 25	3
PHOK0342	Cluster 25	3
PHOK0355	Cluster 25	3
PHOK0357	Cluster 25	3
PHOK0394	Cluster 25	3
PHOM0001	Cluster 25	3
PHOM0012	Cluster 25	3
PHOM0035	Cluster 25	3
PHOM0042	Cluster 25	3
PHOM0045	Cluster 25	3
PHOM0051	Cluster 25	3
PHOM0055	Cluster 25	3
PHOM0062	Cluster 25	3
PHOM0073	Cluster 25	3
PHOM0077	Cluster 25	3
PHOM0080	Cluster 25	3
PHOM0082	Cluster 25	3
PHOM0092	Cluster 25	3
PHOM0100	Cluster 25	3
PHOM0105	Cluster 25	3
PHOM0112	Cluster 25	3
PHOM0145	Cluster 25	3
PHOM0151	Cluster 25	3
PHOM0153	Cluster 25	3
PHOM0165	Cluster 25	3
PHOM0172	Cluster 25	3
PHOM0174	Cluster 25	3
PHOM0182	Cluster 25	3
PHOM0192	Cluster 25	3
PHOM0201	Cluster 25	3
PHOM0210	Cluster 25	3
PHOM0219	Cluster 25	3
PHOM0234	Cluster 25	3
PHOM0255	Cluster 25	3
PHOM0269	Cluster 25	3
PHOM0270	Cluster 25	3
PHOM0271	Cluster 25	3
PHOM0273	Cluster 25	3
PHOM0284	Cluster 25	3
PHOM0285	Cluster 25	3
PHOM0289	Cluster 25	3
PHOM0294	Cluster 25	3
PHOM0301	Cluster 25	3
PHOM0309	Cluster 25	3
PHOM0321	Cluster 25	3
PHOM0331	Cluster 25	3
PHOM0339	Cluster 25	3
PHOM0356	Cluster 25	3
PHOM0363	Cluster 25	3
PHOM0381	Cluster 25	3
PHOM0382	Cluster 25	3
PHOM0390	Cluster 25	3
PHOM0392	Cluster 25	3
PHOM0397	Cluster 25	3
PHOM0418	Cluster 25	3
PHOM0422	Cluster 25	3
PHOM0429	Cluster 25	3
PHOM0432	Cluster 25	3
PHOM0440	Cluster 25	3
PHOM0448	Cluster 25	3
PHOM0457	Cluster 25	3
PHOM0458	Cluster 25	3
PHOM0460	Cluster 25	3
PHOM0469	Cluster 25	3
PHOM0480	Cluster 25	3
PHOM0506	Cluster 25	3
PHOM0514	Cluster 25	3
PHOM0523	Cluster 25	3
PHOM0529	Cluster 25	3
PHOM0544	Cluster 25	3
PHOM0545	Cluster 25	3
PHOM0549	Cluster 25	3
PHOM0554	Cluster 25	3
PHOM0555	Cluster 25	3
PHOM0560	Cluster 25	3
PHOM0573	Cluster 25	3
PHOM0574	Cluster 25	3
PHOM0584	Cluster 25	3
PHOM0590	Cluster 25	3
PHOM0594	Cluster 25	3
PHOM0596	Cluster 25	3
PHOM0598	Cluster 25	3
PHOM0614	Cluster 25	3
PHOM0616	Cluster 25	3
PHOM0628	Cluster 25	3
PHOM0639	Cluster 25	3
PHOM0640	Cluster 25	3
PHOM0642	Cluster 25	3
PHOM0647	Cluster 25	3
PHOM0650	Cluster 25	3
PHOM0655	Cluster 25	3
PHOS0001	Cluster 25	3
1000066022	Cluster 0	4
1999936067	Cluster 0	4
2999935733	Cluster 0	4
3000064078	Cluster 0	4
3999934811	Cluster 0	4
3999937227	Cluster 0	4
5000064002	Cluster 0	4
5999935111	Cluster 0	4
6000065064	Cluster 0	4
6000065842	Cluster 0	4
6999935233	Cluster 0	4
7999936081	Cluster 0	4
9000064170	Cluster 0	4
AYUM0166	Cluster 0	4
AYUM0250	Cluster 0	4
AYUM0281	Cluster 0	4
AYUM0574	Cluster 0	4
AYUM0580	Cluster 0	4
AYUM0648	Cluster 0	4
C_AC0045	Cluster 0	4
C_AC0104	Cluster 0	4
C_AC0132	Cluster 0	4
C_AC0142	Cluster 0	4
C_AC0146	Cluster 0	4
C_AC0166	Cluster 0	4
C_AC0182	Cluster 0	4
C_AC0234	Cluster 0	4
C_AC0256	Cluster 0	4
C_AC0346	Cluster 0	4
C_AC0434	Cluster 0	4
C_AC0462	Cluster 0	4
C_AC0469	Cluster 0	4
C_AC0499	Cluster 0	4
C_AC0504	Cluster 0	4
C_AC0519	Cluster 0	4
C_AC0562	Cluster 0	4
C_AC0567	Cluster 0	4
C_AC0686	Cluster 0	4
C_AC0929	Cluster 0	4
C_AC1521	Cluster 0	4
C_AC1612	Cluster 0	4
C_AC1657	Cluster 0	4
HVUM0009	Cluster 0	4
HVUM0019	Cluster 0	4
HVUM0027	Cluster 0	4
HVUM0155	Cluster 0	4
HVUM0530	Cluster 0	4
HVUM0685	Cluster 0	4
HVUM0687	Cluster 0	4
HVUM0713	Cluster 0	4
HVUM1081	Cluster 0	4
LCAC0017	Cluster 0	4
LCAC0027	Cluster 0	4
LCAC0034	Cluster 0	4
LCAC0040	Cluster 0	4
LCAC0093	Cluster 0	4
LCAC0134	Cluster 0	4
LCAC0158	Cluster 0	4
LCAC0194	Cluster 0	4
LCAC0197	Cluster 0	4
LCAC0314	Cluster 0	4
LCAC0323	Cluster 0	4
LCAC0374	Cluster 0	4
LCAC0392	Cluster 0	4
LCAC0410	Cluster 0	4
LCAC0422	Cluster 0	4
LCAC0471	Cluster 0	4
LCAC0474	Cluster 0	4
LCAC0549	Cluster 0	4
LCAC0553	Cluster 0	4
LCAC0566	Cluster 0	4
LCAC0581	Cluster 0	4
LCAC0588	Cluster 0	4
LCAC0614	Cluster 0	4
LCAC0645	Cluster 0	4
LCAC0650	Cluster 0	4
LCAC0672	Cluster 0	4
LCAC0732	Cluster 0	4
LCAC0738	Cluster 0	4
LCAC0895	Cluster 0	4
NAG10968	Cluster 0	4
NAG11319	Cluster 0	4
NAG14703	Cluster 0	4
NAG15140	Cluster 0	4
NAG15506	Cluster 0	4
NAG16643	Cluster 0	4
NAG17709	Cluster 0	4
NAG18988	Cluster 0	4
PHOK0024	Cluster 0	4
PHOK0129	Cluster 0	4
PHOK0321	Cluster 0	4
PHOM0019	Cluster 0	4
PHOM0044	Cluster 0	4
PHOM0072	Cluster 0	4
PHOM0148	Cluster 0	4
PHOM0149	Cluster 0	4
PHOM0154	Cluster 0	4
PHOM0164	Cluster 0	4
PHOM0292	Cluster 0	4
PHOM0317	Cluster 0	4
PHOM0345	Cluster 0	4
PHOM0347	Cluster 0	4
PHOM0372	Cluster 0	4
PHOM0399	Cluster 0	4
PHOM0404	Cluster 0	4
PHOM0413	Cluster 0	4
PHOM0461	Cluster 0	4
PHOM0490	Cluster 0	4
PHOM0534	Cluster 0	4
PHOM0540	Cluster 0	4
PHOM0601	Cluster 0	4
PHOM0618	Cluster 0	4
PHOM0653	Cluster 0	4
0000064896	Cluster 14	5
0999933439	Cluster 14	5
0999934927	Cluster 14	5
0999936085	Cluster 14	5
1000065570	Cluster 14	5
2000064196	Cluster 14	5
3000063002	Cluster 14	5
3000064646	Cluster 14	5
3999937297	Cluster 14	5
4000063876	Cluster 14	5
4000065378	Cluster 14	5
5000064072	Cluster 14	5
6999935223	Cluster 14	5
6999935897	Cluster 14	5
7999934275	Cluster 14	5
8000063748	Cluster 14	5
8999935223	Cluster 14	5
8999935793	Cluster 14	5
8999935901	Cluster 14	5
9000064110	Cluster 14	5
9999934541	Cluster 14	5
9999936329	Cluster 14	5
AYUM0254	Cluster 14	5
AYUM0586	Cluster 14	5
C_AC0032	Cluster 14	5
C_AC0071	Cluster 14	5
C_AC0082	Cluster 14	5
C_AC0219	Cluster 14	5
C_AC0311	Cluster 14	5
C_AC0351	Cluster 14	5
C_AC0472	Cluster 14	5
C_AC0517	Cluster 14	5
C_AC0632	Cluster 14	5
C_AC0655	Cluster 14	5
C_AC0817	Cluster 14	5
C_AC1517	Cluster 14	5
C_AC1671	Cluster 14	5
HVUM0152	Cluster 14	5
HVUM0607	Cluster 14	5
HVUM0622	Cluster 14	5
HVUM0718	Cluster 14	5
LCAC0008	Cluster 14	5
LCAC0023	Cluster 14	5
LCAC0105	Cluster 14	5
LCAC0130	Cluster 14	5
LCAC0196	Cluster 14	5
LCAC0419	Cluster 14	5
LCAC0446	Cluster 14	5
LCAC0454	Cluster 14	5
LCAC0623	Cluster 14	5
NAG10307	Cluster 14	5
NAG10685	Cluster 14	5
NAG11415	Cluster 14	5
NAG13241	Cluster 14	5
NAG13528	Cluster 14	5
NAG13969	Cluster 14	5
NAG14002	Cluster 14	5
NAG14248	Cluster 14	5
NAG14488	Cluster 14	5
NAG16243	Cluster 14	5
NAG16786	Cluster 14	5
NAG16845	Cluster 14	5
NAG17092	Cluster 14	5
NAG17270	Cluster 14	5
NAG17404	Cluster 14	5
NAG17621	Cluster 14	5
NAG18170	Cluster 14	5
NAG18533	Cluster 14	5
NAG18625	Cluster 14	5
NAG19329	Cluster 14	5
NAG19412	Cluster 14	5
NAG19626	Cluster 14	5
NAG19630	Cluster 14	5
NAG19786	Cluster 14	5
PHOK0130	Cluster 14	5
PHOK0171	Cluster 14	5
PHOK0237	Cluster 14	5
PHOK0255	Cluster 14	5
PHOK0327	Cluster 14	5
PHOM0030	Cluster 14	5
PHOM0040	Cluster 14	5
PHOM0041	Cluster 14	5
PHOM0130	Cluster 14	5
PHOM0133	Cluster 14	5
PHOM0170	Cluster 14	5
PHOM0200	Cluster 14	5
PHOM0222	Cluster 14	5
PHOM0266	Cluster 14	5
PHOM0277	Cluster 14	5
PHOM0280	Cluster 14	5
PHOM0320	Cluster 14	5
PHOM0380	Cluster 14	5
PHOM0471	Cluster 14	5
PHOM0530	Cluster 14	5
PHOM0624	Cluster 14	5
0000063190	Cluster 7	6
0000063210	Cluster 7	6
0999934793	Cluster 7	6
1000066224	Cluster 7	6
1999934671	Cluster 7	6
1999935855	Cluster 7	6
3000062952	Cluster 7	6
4999934013	Cluster 7	6
4999934613	Cluster 7	6
4999934653	Cluster 7	6
5000065150	Cluster 7	6
5999934593	Cluster 7	6
5999935641	Cluster 7	6
6000065434	Cluster 7	6
7999935513	Cluster 7	6
7999936469	Cluster 7	6
8000064746	Cluster 7	6
8999935515	Cluster 7	6
8999935719	Cluster 7	6
AYUM0400	Cluster 7	6
AYUM1018	Cluster 7	6
AYUM5131	Cluster 7	6
C_AC0069	Cluster 7	6
C_AC0118	Cluster 7	6
C_AC0271	Cluster 7	6
C_AC0452	Cluster 7	6
C_AC0507	Cluster 7	6
C_AC0649	Cluster 7	6
C_AC0667	Cluster 7	6
C_AC0863	Cluster 7	6
C_AC0876	Cluster 7	6
C_AC0932	Cluster 7	6
C_AC0967	Cluster 7	6
C_AC1577	Cluster 7	6
C_AC1665	Cluster 7	6
HVUM0017	Cluster 7	6
HVUM0274	Cluster 7	6
HVUM0359	Cluster 7	6
HVUM0456	Cluster 7	6
HVUM0486	Cluster 7	6
HVUM0540	Cluster 7	6
HVUM0589	Cluster 7	6
HVUM0695	Cluster 7	6
HVUM0696	Cluster 7	6
HVUM0774	Cluster 7	6
LCAC0355	Cluster 7	6
LCAC0399	Cluster 7	6
LCAC0527	Cluster 7	6
LCAC0881	Cluster 7	6
LCAC0882	Cluster 7	6
LCAC0901	Cluster 7	6
NAG10032	Cluster 7	6
NAG10138	Cluster 7	6
NAG10464	Cluster 7	6
NAG10734	Cluster 7	6
NAG11005	Cluster 7	6
NAG11582	Cluster 7	6
NAG11615	Cluster 7	6
NAG11671	Cluster 7	6
NAG12038	Cluster 7	6
NAG12163	Cluster 7	6
NAG12228	Cluster 7	6
NAG12647	Cluster 7	6
NAG12762	Cluster 7	6
NAG13014	Cluster 7	6
NAG13167	Cluster 7	6
NAG13433	Cluster 7	6
NAG13737	Cluster 7	6
NAG13880	Cluster 7	6
NAG13937	Cluster 7	6
NAG14182	Cluster 7	6
NAG15095	Cluster 7	6
NAG15414	Cluster 7	6
NAG15501	Cluster 7	6
NAG15629	Cluster 7	6
NAG15737	Cluster 7	6
NAG15994	Cluster 7	6
NAG16004	Cluster 7	6
NAG16040	Cluster 7	6
NAG16286	Cluster 7	6
NAG16420	Cluster 7	6
NAG16498	Cluster 7	6
NAG16878	Cluster 7	6
NAG17012	Cluster 7	6
NAG17177	Cluster 7	6
NAG17186	Cluster 7	6
NAG17403	Cluster 7	6
NAG17505	Cluster 7	6
NAG17567	Cluster 7	6
NAG17570	Cluster 7	6
NAG17695	Cluster 7	6
NAG18106	Cluster 7	6
NAG18224	Cluster 7	6
NAG18883	Cluster 7	6
NAG19489	Cluster 7	6
NAG19564	Cluster 7	6
NAG19729	Cluster 7	6
PHHK0001	Cluster 7	6
PHOK0001	Cluster 7	6
PHOK0041	Cluster 7	6
PHOK0137	Cluster 7	6
PHOK0359	Cluster 7	6
PHOM0074	Cluster 7	6
PHOM0110	Cluster 7	6
PHOM0128	Cluster 7	6
PHOM0136	Cluster 7	6
PHOM0167	Cluster 7	6
PHOM0175	Cluster 7	6
PHOM0183	Cluster 7	6
PHOM0214	Cluster 7	6
PHOM0267	Cluster 7	6
PHOM0389	Cluster 7	6
PHOM0417	Cluster 7	6
PHOM0420	Cluster 7	6
PHOM0433	Cluster 7	6
PHOM0459	Cluster 7	6
PHOM0474	Cluster 7	6
PHOM0509	Cluster 7	6
PHOM0533	Cluster 7	6
PHOM0609	Cluster 7	6
PHOM0617	Cluster 7	6
0000065908	Cluster 24	7
1000066042	Cluster 24	7
1999935241	Cluster 24	7
1999936383	Cluster 24	7
2000064534	Cluster 24	7
2000065638	Cluster 24	7
3000064088	Cluster 24	7
3999936619	Cluster 24	7
4000065358	Cluster 24	7
4000066764	Cluster 24	7
4999935319	Cluster 24	7
4999937057	Cluster 24	7
5999935701	Cluster 24	7
6000063808	Cluster 24	7
6000064286	Cluster 24	7
6000065872	Cluster 24	7
6000065902	Cluster 24	7
6000066332	Cluster 24	7
6999937415	Cluster 24	7
7999936121	Cluster 24	7
7999936489	Cluster 24	7
8000063768	Cluster 24	7
8000064786	Cluster 24	7
AYUM0055	Cluster 24	7
AYUM0110	Cluster 24	7
AYUM0165	Cluster 24	7
AYUM0219	Cluster 24	7
AYUM0226	Cluster 24	7
AYUM0232	Cluster 24	7
AYUM0235	Cluster 24	7
AYUM0238	Cluster 24	7
AYUM0243	Cluster 24	7
AYUM0244	Cluster 24	7
AYUM0405	Cluster 24	7
AYUM0614	Cluster 24	7
AYUM0615	Cluster 24	7
AYUM0616	Cluster 24	7
AYUM0626	Cluster 24	7
AYUM1007	Cluster 24	7
AYUM1010	Cluster 24	7
AYUM5035	Cluster 24	7
AYUM5037	Cluster 24	7
AYUM5118	Cluster 24	7
AYUM5124	Cluster 24	7
AYUM5139	Cluster 24	7
AYUM5150	Cluster 24	7
AYUM5151	Cluster 24	7
AYUM5157	Cluster 24	7
C_AC0020	Cluster 24	7
C_AC0067	Cluster 24	7
C_AC0124	Cluster 24	7
C_AC0149	Cluster 24	7
C_AC0181	Cluster 24	7
C_AC0218	Cluster 24	7
C_AC0223	Cluster 24	7
C_AC0224	Cluster 24	7
C_AC0248	Cluster 24	7
C_AC0276	Cluster 24	7
C_AC0282	Cluster 24	7
C_AC0332	Cluster 24	7
C_AC0384	Cluster 24	7
C_AC0495	Cluster 24	7
C_AC0497	Cluster 24	7
C_AC0551	Cluster 24	7
C_AC0568	Cluster 24	7
C_AC0669	Cluster 24	7
C_AC0685	Cluster 24	7
C_AC0733	Cluster 24	7
C_AC0736	Cluster 24	7
C_AC0744	Cluster 24	7
C_AC0787	Cluster 24	7
C_AC0790	Cluster 24	7
C_AC0847	Cluster 24	7
C_AC0916	Cluster 24	7
C_AC0922	Cluster 24	7
C_AC1238	Cluster 24	7
C_AC1564	Cluster 24	7
C_AC1586	Cluster 24	7
C_AC1590	Cluster 24	7
C_AC1595	Cluster 24	7
C_AC1604	Cluster 24	7
C_AC1614	Cluster 24	7
C_AC1675	Cluster 24	7
HVUM0020	Cluster 24	7
HVUM0099	Cluster 24	7
HVUM0122	Cluster 24	7
HVUM0273	Cluster 24	7
HVUM0283	Cluster 24	7
HVUM0290	Cluster 24	7
HVUM0307	Cluster 24	7
HVUM0387	Cluster 24	7
HVUM0390	Cluster 24	7
HVUM0462	Cluster 24	7
HVUM0469	Cluster 24	7
HVUM0490	Cluster 24	7
HVUM0544	Cluster 24	7
HVUM0617	Cluster 24	7
HVUM0682	Cluster 24	7
HVUM0688	Cluster 24	7
HVUM0698	Cluster 24	7
HVUM0701	Cluster 24	7
HVUM0721	Cluster 24	7
HVUM0723	Cluster 24	7
HVUM0748	Cluster 24	7
HVUM0750	Cluster 24	7
HVUM0754	Cluster 24	7
HVUM1085	Cluster 24	7
LCAC0006	Cluster 24	7
LCAC0254	Cluster 24	7
LCAC0306	Cluster 24	7
LCAC0343	Cluster 24	7
LCAC0498	Cluster 24	7
LCAC0514	Cluster 24	7
LCAC0521	Cluster 24	7
LCAC0522	Cluster 24	7
LCAC0775	Cluster 24	7
NAG10028	Cluster 24	7
NAG10417	Cluster 24	7
NAG10595	Cluster 24	7
NAG11065	Cluster 24	7
NAG11579	Cluster 24	7
NAG11623	Cluster 24	7
NAG11673	Cluster 24	7
NAG11960	Cluster 24	7
NAG12541	Cluster 24	7
NAG12596	Cluster 24	7
NAG12796	Cluster 24	7
NAG12972	Cluster 24	7
NAG13347	Cluster 24	7
NAG13767	Cluster 24	7
NAG14302	Cluster 24	7
NAG14433	Cluster 24	7
NAG15064	Cluster 24	7
NAG15193	Cluster 24	7
NAG16134	Cluster 24	7
NAG16560	Cluster 24	7
NAG16731	Cluster 24	7
NAG17205	Cluster 24	7
NAG18365	Cluster 24	7
NAG19303	Cluster 24	7
NAG19350	Cluster 24	7
NAG19943	Cluster 24	7
PHOK0035	Cluster 24	7
PHOK0039	Cluster 24	7
PHOK0381	Cluster 24	7
PHOM0016	Cluster 24	7
PHOM0111	Cluster 24	7
PHOM0129	Cluster 24	7
PHOM0155	Cluster 24	7
PHOM0203	Cluster 24	7
PHOM0209	Cluster 24	7
PHOM0212	Cluster 24	7
PHOM0256	Cluster 24	7
PHOM0261	Cluster 24	7
PHOM0263	Cluster 24	7
PHOM0335	Cluster 24	7
PHOM0358	Cluster 24	7
PHOM0428	Cluster 24	7
PHOM0441	Cluster 24	7
PHOM0450	Cluster 24	7
PHOM0491	Cluster 24	7
PHOM0492	Cluster 24	7
PHOM0499	Cluster 24	7
PHOM0515	Cluster 24	7
PHOM0537	Cluster 24	7
PHOM0615	Cluster 24	7
PHOM0631	Cluster 24	7
PHOM0645	Cluster 24	7
0000064302	Cluster 2	8
0000064906	Cluster 2	8
0000065918	Cluster 2	8
1000064986	Cluster 2	8
1000065510	Cluster 2	8
1000066082	Cluster 2	8
1999936659	Cluster 2	8
3000064080	Cluster 2	8
3999934931	Cluster 2	8
4000064410	Cluster 2	8
4000065368	Cluster 2	8
4000066814	Cluster 2	8
6999935887	Cluster 2	8
6999937435	Cluster 2	8
7000064416	Cluster 2	8
7999934295	Cluster 2	8
8000063738	Cluster 2	8
8999935585	Cluster 2	8
8999935595	Cluster 2	8
9000063834	Cluster 2	8
9000064120	Cluster 2	8
AYUM0101	Cluster 2	8
AYUM0119	Cluster 2	8
AYUM0727	Cluster 2	8
C_AC0401	Cluster 2	8
C_AC0412	Cluster 2	8
C_AC0439	Cluster 2	8
C_AC0442	Cluster 2	8
C_AC0483	Cluster 2	8
C_AC0511	Cluster 2	8
C_AC0547	Cluster 2	8
C_AC0714	Cluster 2	8
C_AC0722	Cluster 2	8
C_AC0753	Cluster 2	8
C_AC0964	Cluster 2	8
C_AC1531	Cluster 2	8
LCAC0282	Cluster 2	8
LCAC0629	Cluster 2	8
LCAC0639	Cluster 2	8
LCAC0718	Cluster 2	8
NAG10004	Cluster 2	8
NAG10022	Cluster 2	8
NAG10024	Cluster 2	8
NAG10067	Cluster 2	8
NAG10161	Cluster 2	8
NAG10242	Cluster 2	8
NAG10252	Cluster 2	8
NAG10278	Cluster 2	8
NAG10294	Cluster 2	8
NAG10318	Cluster 2	8
NAG10323	Cluster 2	8
NAG10366	Cluster 2	8
NAG10378	Cluster 2	8
NAG10418	Cluster 2	8
NAG10504	Cluster 2	8
NAG10530	Cluster 2	8
NAG10569	Cluster 2	8
NAG10579	Cluster 2	8
NAG10589	Cluster 2	8
NAG10602	Cluster 2	8
NAG10623	Cluster 2	8
NAG10650	Cluster 2	8
NAG10710	Cluster 2	8
NAG10775	Cluster 2	8
NAG10811	Cluster 2	8
NAG10817	Cluster 2	8
NAG10915	Cluster 2	8
NAG10920	Cluster 2	8
NAG11015	Cluster 2	8
NAG11026	Cluster 2	8
NAG11137	Cluster 2	8
NAG11204	Cluster 2	8
NAG11231	Cluster 2	8
NAG11236	Cluster 2	8
NAG11263	Cluster 2	8
NAG11266	Cluster 2	8
NAG11283	Cluster 2	8
NAG11326	Cluster 2	8
NAG11341	Cluster 2	8
NAG11347	Cluster 2	8
NAG11377	Cluster 2	8
NAG11392	Cluster 2	8
NAG11416	Cluster 2	8
NAG11551	Cluster 2	8
NAG11576	Cluster 2	8
NAG11645	Cluster 2	8
NAG11647	Cluster 2	8
NAG11652	Cluster 2	8
NAG11669	Cluster 2	8
NAG11677	Cluster 2	8
NAG11725	Cluster 2	8
NAG11746	Cluster 2	8
NAG11777	Cluster 2	8
NAG11809	Cluster 2	8
NAG11830	Cluster 2	8
NAG11857	Cluster 2	8
NAG11899	Cluster 2	8
NAG11943	Cluster 2	8
NAG11988	Cluster 2	8
NAG12028	Cluster 2	8
NAG12142	Cluster 2	8
NAG12160	Cluster 2	8
NAG12179	Cluster 2	8
NAG12196	Cluster 2	8
NAG12198	Cluster 2	8
NAG12217	Cluster 2	8
NAG12237	Cluster 2	8
NAG12273	Cluster 2	8
NAG12299	Cluster 2	8
NAG12338	Cluster 2	8
NAG12352	Cluster 2	8
NAG12423	Cluster 2	8
NAG12440	Cluster 2	8
NAG12480	Cluster 2	8
NAG12496	Cluster 2	8
NAG12500	Cluster 2	8
NAG12573	Cluster 2	8
NAG12661	Cluster 2	8
NAG12668	Cluster 2	8
NAG12689	Cluster 2	8
NAG12702	Cluster 2	8
NAG12869	Cluster 2	8
NAG12934	Cluster 2	8
NAG12965	Cluster 2	8
NAG12998	Cluster 2	8
NAG13007	Cluster 2	8
NAG13043	Cluster 2	8
NAG13105	Cluster 2	8
NAG13154	Cluster 2	8
NAG13217	Cluster 2	8
NAG13303	Cluster 2	8
NAG13336	Cluster 2	8
NAG13364	Cluster 2	8
NAG13453	Cluster 2	8
NAG13456	Cluster 2	8
NAG13540	Cluster 2	8
NAG13554	Cluster 2	8
NAG13580	Cluster 2	8
NAG13594	Cluster 2	8
NAG13622	Cluster 2	8
NAG13651	Cluster 2	8
NAG13678	Cluster 2	8
NAG13686	Cluster 2	8
NAG13693	Cluster 2	8
NAG13723	Cluster 2	8
NAG13751	Cluster 2	8
NAG13786	Cluster 2	8
NAG13803	Cluster 2	8
NAG13898	Cluster 2	8
NAG13905	Cluster 2	8
NAG13933	Cluster 2	8
NAG13961	Cluster 2	8
NAG14017	Cluster 2	8
NAG14027	Cluster 2	8
NAG14048	Cluster 2	8
NAG14060	Cluster 2	8
NAG14070	Cluster 2	8
NAG14221	Cluster 2	8
NAG14231	Cluster 2	8
NAG14246	Cluster 2	8
NAG14263	Cluster 2	8
NAG14332	Cluster 2	8
NAG14392	Cluster 2	8
NAG14403	Cluster 2	8
NAG14478	Cluster 2	8
NAG14486	Cluster 2	8
NAG14573	Cluster 2	8
NAG14591	Cluster 2	8
NAG14613	Cluster 2	8
NAG14669	Cluster 2	8
NAG14685	Cluster 2	8
NAG14687	Cluster 2	8
NAG14741	Cluster 2	8
NAG14814	Cluster 2	8
NAG14845	Cluster 2	8
NAG14853	Cluster 2	8
NAG14868	Cluster 2	8
NAG14881	Cluster 2	8
NAG14899	Cluster 2	8
NAG14900	Cluster 2	8
NAG15001	Cluster 2	8
NAG15007	Cluster 2	8
NAG15059	Cluster 2	8
NAG15078	Cluster 2	8
NAG15118	Cluster 2	8
NAG15134	Cluster 2	8
NAG15145	Cluster 2	8
NAG15266	Cluster 2	8
NAG15295	Cluster 2	8
NAG15326	Cluster 2	8
NAG15393	Cluster 2	8
NAG15460	Cluster 2	8
NAG15537	Cluster 2	8
NAG15811	Cluster 2	8
NAG15846	Cluster 2	8
NAG15878	Cluster 2	8
NAG15880	Cluster 2	8
NAG15929	Cluster 2	8
NAG15969	Cluster 2	8
NAG16089	Cluster 2	8
NAG16106	Cluster 2	8
NAG16183	Cluster 2	8
NAG16239	Cluster 2	8
NAG16260	Cluster 2	8
NAG16298	Cluster 2	8
NAG16399	Cluster 2	8
NAG16455	Cluster 2	8
NAG16515	Cluster 2	8
NAG16534	Cluster 2	8
NAG16557	Cluster 2	8
NAG16559	Cluster 2	8
NAG16714	Cluster 2	8
NAG16715	Cluster 2	8
NAG16788	Cluster 2	8
NAG16863	Cluster 2	8
NAG16882	Cluster 2	8
NAG16924	Cluster 2	8
NAG16942	Cluster 2	8
NAG16984	Cluster 2	8
NAG16993	Cluster 2	8
NAG17004	Cluster 2	8
NAG17008	Cluster 2	8
NAG17016	Cluster 2	8
NAG17024	Cluster 2	8
NAG17033	Cluster 2	8
NAG17043	Cluster 2	8
NAG17046	Cluster 2	8
NAG17226	Cluster 2	8
NAG17252	Cluster 2	8
NAG17290	Cluster 2	8
NAG17298	Cluster 2	8
NAG17349	Cluster 2	8
NAG17362	Cluster 2	8
NAG17400	Cluster 2	8
NAG17420	Cluster 2	8
NAG17507	Cluster 2	8
NAG17523	Cluster 2	8
NAG17676	Cluster 2	8
NAG17797	Cluster 2	8
NAG17863	Cluster 2	8
NAG17884	Cluster 2	8
NAG17888	Cluster 2	8
NAG17917	Cluster 2	8
NAG17952	Cluster 2	8
NAG17971	Cluster 2	8
NAG18011	Cluster 2	8
NAG18072	Cluster 2	8
NAG18086	Cluster 2	8
NAG18151	Cluster 2	8
NAG18185	Cluster 2	8
NAG18187	Cluster 2	8
NAG18188	Cluster 2	8
NAG18195	Cluster 2	8
NAG18220	Cluster 2	8
NAG18239	Cluster 2	8
NAG18292	Cluster 2	8
NAG18355	Cluster 2	8
NAG18361	Cluster 2	8
NAG18433	Cluster 2	8
NAG18438	Cluster 2	8
NAG18485	Cluster 2	8
NAG18499	Cluster 2	8
NAG18511	Cluster 2	8
NAG18520	Cluster 2	8
NAG18557	Cluster 2	8
NAG18574	Cluster 2	8
NAG18580	Cluster 2	8
NAG18646	Cluster 2	8
NAG18649	Cluster 2	8
NAG18659	Cluster 2	8
NAG18758	Cluster 2	8
NAG18787	Cluster 2	8
NAG18870	Cluster 2	8
NAG18899	Cluster 2	8
NAG18984	Cluster 2	8
NAG19098	Cluster 2	8
NAG19102	Cluster 2	8
NAG19122	Cluster 2	8
NAG19314	Cluster 2	8
NAG19339	Cluster 2	8
NAG19415	Cluster 2	8
NAG19430	Cluster 2	8
NAG19432	Cluster 2	8
NAG19458	Cluster 2	8
NAG19477	Cluster 2	8
NAG19491	Cluster 2	8
NAG19492	Cluster 2	8
NAG19607	Cluster 2	8
NAG19769	Cluster 2	8
NAG19789	Cluster 2	8
NAG19895	Cluster 2	8
NAG19927	Cluster 2	8
PHOK0029	Cluster 2	8
PHOK0122	Cluster 2	8
PHOM0059	Cluster 2	8
PHOM0086	Cluster 2	8
PHOM0090	Cluster 2	8
PHOM0099	Cluster 2	8
PHOM0101	Cluster 2	8
PHOM0109	Cluster 2	8
PHOM0120	Cluster 2	8
PHOM0126	Cluster 2	8
PHOM0139	Cluster 2	8
PHOM0146	Cluster 2	8
PHOM0152	Cluster 2	8
PHOM0159	Cluster 2	8
PHOM0221	Cluster 2	8
PHOM0228	Cluster 2	8
PHOM0274	Cluster 2	8
PHOM0282	Cluster 2	8
PHOM0288	Cluster 2	8
PHOM0348	Cluster 2	8
PHOM0349	Cluster 2	8
PHOM0350	Cluster 2	8
PHOM0354	Cluster 2	8
PHOM0362	Cluster 2	8
PHOM0385	Cluster 2	8
PHOM0400	Cluster 2	8
PHOM0409	Cluster 2	8
PHOM0423	Cluster 2	8
PHOM0455	Cluster 2	8
PHOM0478	Cluster 2	8
PHOM0486	Cluster 2	8
PHOM0531	Cluster 2	8
PHOM0583	Cluster 2	8
PHOM0589	Cluster 2	8
PHOM0602	Cluster 2	8
PHOM0625	Cluster 2	8
PHOM0630	Cluster 2	8
PHOM0634	Cluster 2	8
0000064372	Cluster 18	9
0000064452	Cluster 18	9
0000064916	Cluster 18	9
1000064966	Cluster 18	9
1999936453	Cluster 18	9
1999936737	Cluster 18	9
2000065628	Cluster 18	9
4000063946	Cluster 18	9
4000065388	Cluster 18	9
4000065992	Cluster 18	9
4999936507	Cluster 18	9
5999935721	Cluster 18	9
6000063798	Cluster 18	9
6000063838	Cluster 18	9
6000065772	Cluster 18	9
6999935183	Cluster 18	9
7999935543	Cluster 18	9
7999936111	Cluster 18	9
8999935575	Cluster 18	9
AYUM0744	Cluster 18	9
C_AC0443	Cluster 18	9
C_AC0971	Cluster 18	9
C_AC1537	Cluster 18	9
C_AC1634	Cluster 18	9
C_AC1661	Cluster 18	9
HVUM0003	Cluster 18	9
HVUM0341	Cluster 18	9
HVUM0707	Cluster 18	9
HVUM0765	Cluster 18	9
LCAC0149	Cluster 18	9
LCAC0713	Cluster 18	9
LCAC0795	Cluster 18	9
LCAC0828	Cluster 18	9
NAG10033	Cluster 18	9
NAG10050	Cluster 18	9
NAG10053	Cluster 18	9
NAG10066	Cluster 18	9
NAG10094	Cluster 18	9
NAG10123	Cluster 18	9
NAG10238	Cluster 18	9
NAG10276	Cluster 18	9
NAG10305	Cluster 18	9
NAG10320	Cluster 18	9
NAG10363	Cluster 18	9
NAG10501	Cluster 18	9
NAG10536	Cluster 18	9
NAG10588	Cluster 18	9
NAG10615	Cluster 18	9
NAG10660	Cluster 18	9
NAG10670	Cluster 18	9
NAG10696	Cluster 18	9
NAG10745	Cluster 18	9
NAG10758	Cluster 18	9
NAG10833	Cluster 18	9
NAG10846	Cluster 18	9
NAG10854	Cluster 18	9
NAG10860	Cluster 18	9
NAG10918	Cluster 18	9
NAG10927	Cluster 18	9
NAG10943	Cluster 18	9
NAG11002	Cluster 18	9
NAG11009	Cluster 18	9
NAG11029	Cluster 18	9
NAG11072	Cluster 18	9
NAG11148	Cluster 18	9
NAG11177	Cluster 18	9
NAG11182	Cluster 18	9
NAG11192	Cluster 18	9
NAG11202	Cluster 18	9
NAG11207	Cluster 18	9
NAG11262	Cluster 18	9
NAG11277	Cluster 18	9
NAG11299	Cluster 18	9
NAG11318	Cluster 18	9
NAG11322	Cluster 18	9
NAG11336	Cluster 18	9
NAG11339	Cluster 18	9
NAG11456	Cluster 18	9
NAG11475	Cluster 18	9
NAG11483	Cluster 18	9
NAG11528	Cluster 18	9
NAG11603	Cluster 18	9
NAG11605	Cluster 18	9
NAG11674	Cluster 18	9
NAG11682	Cluster 18	9
NAG11694	Cluster 18	9
NAG11707	Cluster 18	9
NAG11726	Cluster 18	9
NAG11738	Cluster 18	9
NAG11787	Cluster 18	9
NAG11806	Cluster 18	9
NAG11848	Cluster 18	9
NAG11873	Cluster 18	9
NAG11908	Cluster 18	9
NAG11940	Cluster 18	9
NAG11980	Cluster 18	9
NAG11995	Cluster 18	9
NAG12013	Cluster 18	9
NAG12014	Cluster 18	9
NAG12030	Cluster 18	9
NAG12061	Cluster 18	9
NAG12093	Cluster 18	9
NAG12141	Cluster 18	9
NAG12157	Cluster 18	9
NAG12159	Cluster 18	9
NAG12161	Cluster 18	9
NAG12165	Cluster 18	9
NAG12200	Cluster 18	9
NAG12244	Cluster 18	9
NAG12245	Cluster 18	9
NAG12248	Cluster 18	9
NAG12259	Cluster 18	9
NAG12281	Cluster 18	9
NAG12319	Cluster 18	9
NAG12334	Cluster 18	9
NAG12337	Cluster 18	9
NAG12339	Cluster 18	9
NAG12395	Cluster 18	9
NAG12413	Cluster 18	9
NAG12417	Cluster 18	9
NAG12519	Cluster 18	9
NAG12520	Cluster 18	9
NAG12577	Cluster 18	9
NAG12667	Cluster 18	9
NAG12675	Cluster 18	9
NAG12687	Cluster 18	9
NAG12749	Cluster 18	9
NAG12750	Cluster 18	9
NAG12758	Cluster 18	9
NAG12765	Cluster 18	9
NAG12770	Cluster 18	9
NAG12773	Cluster 18	9
NAG12790	Cluster 18	9
NAG12864	Cluster 18	9
NAG12882	Cluster 18	9
NAG12960	Cluster 18	9
NAG12980	Cluster 18	9
NAG13037	Cluster 18	9
NAG13098	Cluster 18	9
NAG13110	Cluster 18	9
NAG13134	Cluster 18	9
NAG13209	Cluster 18	9
NAG13253	Cluster 18	9
NAG13261	Cluster 18	9
NAG13271	Cluster 18	9
NAG13292	Cluster 18	9
NAG13315	Cluster 18	9
NAG13339	Cluster 18	9
NAG13365	Cluster 18	9
NAG13379	Cluster 18	9
NAG13426	Cluster 18	9
NAG13430	Cluster 18	9
NAG13434	Cluster 18	9
NAG13447	Cluster 18	9
NAG13459	Cluster 18	9
NAG13460	Cluster 18	9
NAG13500	Cluster 18	9
NAG13544	Cluster 18	9
NAG13549	Cluster 18	9
NAG13576	Cluster 18	9
NAG13630	Cluster 18	9
NAG13638	Cluster 18	9
NAG13653	Cluster 18	9
NAG13656	Cluster 18	9
NAG13657	Cluster 18	9
NAG13673	Cluster 18	9
NAG13700	Cluster 18	9
NAG13708	Cluster 18	9
NAG13764	Cluster 18	9
NAG13819	Cluster 18	9
NAG13829	Cluster 18	9
NAG13852	Cluster 18	9
NAG13860	Cluster 18	9
NAG13911	Cluster 18	9
NAG13984	Cluster 18	9
NAG13995	Cluster 18	9
NAG13997	Cluster 18	9
NAG14054	Cluster 18	9
NAG14098	Cluster 18	9
NAG14214	Cluster 18	9
NAG14225	Cluster 18	9
NAG14227	Cluster 18	9
NAG14277	Cluster 18	9
NAG14288	Cluster 18	9
NAG14321	Cluster 18	9
NAG14324	Cluster 18	9
NAG14348	Cluster 18	9
NAG14363	Cluster 18	9
NAG14388	Cluster 18	9
NAG14416	Cluster 18	9
NAG14453	Cluster 18	9
NAG14458	Cluster 18	9
NAG14546	Cluster 18	9
NAG14616	Cluster 18	9
NAG14644	Cluster 18	9
NAG14647	Cluster 18	9
NAG14686	Cluster 18	9
NAG14793	Cluster 18	9
NAG14834	Cluster 18	9
NAG14885	Cluster 18	9
NAG14901	Cluster 18	9
NAG14944	Cluster 18	9
NAG14971	Cluster 18	9
NAG14986	Cluster 18	9
NAG15006	Cluster 18	9
NAG15018	Cluster 18	9
NAG15020	Cluster 18	9
NAG15023	Cluster 18	9
NAG15062	Cluster 18	9
NAG15068	Cluster 18	9
NAG15077	Cluster 18	9
NAG15094	Cluster 18	9
NAG15139	Cluster 18	9
NAG15155	Cluster 18	9
NAG15179	Cluster 18	9
NAG15190	Cluster 18	9
NAG15229	Cluster 18	9
NAG15259	Cluster 18	9
NAG15265	Cluster 18	9
NAG15325	Cluster 18	9
NAG15353	Cluster 18	9
NAG15440	Cluster 18	9
NAG15446	Cluster 18	9
NAG15504	Cluster 18	9
NAG15571	Cluster 18	9
NAG15576	Cluster 18	9
NAG15589	Cluster 18	9
NAG15611	Cluster 18	9
NAG15614	Cluster 18	9
NAG15645	Cluster 18	9
NAG15650	Cluster 18	9
NAG15685	Cluster 18	9
NAG15719	Cluster 18	9
NAG15723	Cluster 18	9
NAG15803	Cluster 18	9
NAG15827	Cluster 18	9
NAG15850	Cluster 18	9
NAG15890	Cluster 18	9
NAG15957	Cluster 18	9
NAG15960	Cluster 18	9
NAG15973	Cluster 18	9
NAG15983	Cluster 18	9
NAG16060	Cluster 18	9
NAG16064	Cluster 18	9
NAG16119	Cluster 18	9
NAG16160	Cluster 18	9
NAG16176	Cluster 18	9
NAG16186	Cluster 18	9
NAG16198	Cluster 18	9
NAG16230	Cluster 18	9
NAG16231	Cluster 18	9
NAG16264	Cluster 18	9
NAG16303	Cluster 18	9
NAG16326	Cluster 18	9
NAG16390	Cluster 18	9
NAG16413	Cluster 18	9
NAG16492	Cluster 18	9
NAG16539	Cluster 18	9
NAG16556	Cluster 18	9
NAG16572	Cluster 18	9
NAG16629	Cluster 18	9
NAG16661	Cluster 18	9
NAG16678	Cluster 18	9
NAG16769	Cluster 18	9
NAG16772	Cluster 18	9
NAG16884	Cluster 18	9
NAG16922	Cluster 18	9
NAG16929	Cluster 18	9
NAG16931	Cluster 18	9
NAG16941	Cluster 18	9
NAG16954	Cluster 18	9
NAG16965	Cluster 18	9
NAG16988	Cluster 18	9
NAG16991	Cluster 18	9
NAG17038	Cluster 18	9
NAG17041	Cluster 18	9
NAG17050	Cluster 18	9
NAG17059	Cluster 18	9
NAG17060	Cluster 18	9
NAG17064	Cluster 18	9
NAG17070	Cluster 18	9
NAG17081	Cluster 18	9
NAG17098	Cluster 18	9
NAG17105	Cluster 18	9
NAG17110	Cluster 18	9
NAG17113	Cluster 18	9
NAG17121	Cluster 18	9
NAG17150	Cluster 18	9
NAG17158	Cluster 18	9
NAG17194	Cluster 18	9
NAG17195	Cluster 18	9
NAG17208	Cluster 18	9
NAG17282	Cluster 18	9
NAG17367	Cluster 18	9
NAG17443	Cluster 18	9
NAG17444	Cluster 18	9
NAG17455	Cluster 18	9
NAG17521	Cluster 18	9
NAG17589	Cluster 18	9
NAG17610	Cluster 18	9
NAG17626	Cluster 18	9
NAG17634	Cluster 18	9
NAG17650	Cluster 18	9
NAG17702	Cluster 18	9
NAG17733	Cluster 18	9
NAG17815	Cluster 18	9
NAG17880	Cluster 18	9
NAG17918	Cluster 18	9
NAG17919	Cluster 18	9
NAG17935	Cluster 18	9
NAG17943	Cluster 18	9
NAG17963	Cluster 18	9
NAG17982	Cluster 18	9
NAG17994	Cluster 18	9
NAG18035	Cluster 18	9
NAG18064	Cluster 18	9
NAG18190	Cluster 18	9
NAG18196	Cluster 18	9
NAG18199	Cluster 18	9
NAG18229	Cluster 18	9
NAG18245	Cluster 18	9
NAG18287	Cluster 18	9
NAG18305	Cluster 18	9
NAG18307	Cluster 18	9
NAG18326	Cluster 18	9
NAG18342	Cluster 18	9
NAG18481	Cluster 18	9
NAG18501	Cluster 18	9
NAG18510	Cluster 18	9
NAG18535	Cluster 18	9
NAG18566	Cluster 18	9
NAG18652	Cluster 18	9
NAG18662	Cluster 18	9
NAG18665	Cluster 18	9
NAG18691	Cluster 18	9
NAG18719	Cluster 18	9
NAG18728	Cluster 18	9
NAG18847	Cluster 18	9
NAG18862	Cluster 18	9
NAG18875	Cluster 18	9
NAG18914	Cluster 18	9
NAG18946	Cluster 18	9
NAG18965	Cluster 18	9
NAG18970	Cluster 18	9
NAG18978	Cluster 18	9
NAG18985	Cluster 18	9
NAG19002	Cluster 18	9
NAG19023	Cluster 18	9
NAG19063	Cluster 18	9
NAG19087	Cluster 18	9
NAG19096	Cluster 18	9
NAG19106	Cluster 18	9
NAG19141	Cluster 18	9
NAG19147	Cluster 18	9
NAG19152	Cluster 18	9
NAG19194	Cluster 18	9
NAG19306	Cluster 18	9
NAG19349	Cluster 18	9
NAG19371	Cluster 18	9
NAG19378	Cluster 18	9
NAG19401	Cluster 18	9
NAG19424	Cluster 18	9
NAG19427	Cluster 18	9
NAG19429	Cluster 18	9
NAG19521	Cluster 18	9
NAG19523	Cluster 18	9
NAG19529	Cluster 18	9
NAG19537	Cluster 18	9
NAG19538	Cluster 18	9
NAG19543	Cluster 18	9
NAG19547	Cluster 18	9
NAG19555	Cluster 18	9
NAG19568	Cluster 18	9
NAG19570	Cluster 18	9
NAG19587	Cluster 18	9
NAG19632	Cluster 18	9
NAG19642	Cluster 18	9
NAG19648	Cluster 18	9
NAG19664	Cluster 18	9
NAG19675	Cluster 18	9
NAG19706	Cluster 18	9
NAG19720	Cluster 18	9
NAG19745	Cluster 18	9
NAG19753	Cluster 18	9
NAG19757	Cluster 18	9
NAG19817	Cluster 18	9
NAG19838	Cluster 18	9
NAG19846	Cluster 18	9
NAG19849	Cluster 18	9
NAG19920	Cluster 18	9
NAG19921	Cluster 18	9
NAG19929	Cluster 18	9
PHOK0025	Cluster 18	9
PHOK0055	Cluster 18	9
PHOK0072	Cluster 18	9
PHOK0244	Cluster 18	9
PHOK0368	Cluster 18	9
PHOM0013	Cluster 18	9
PHOM0029	Cluster 18	9
PHOM0060	Cluster 18	9
PHOM0061	Cluster 18	9
PHOM0064	Cluster 18	9
PHOM0085	Cluster 18	9
PHOM0142	Cluster 18	9
PHOM0144	Cluster 18	9
PHOM0162	Cluster 18	9
PHOM0163	Cluster 18	9
PHOM0171	Cluster 18	9
PHOM0196	Cluster 18	9
PHOM0218	Cluster 18	9
PHOM0229	Cluster 18	9
PHOM0230	Cluster 18	9
PHOM0231	Cluster 18	9
PHOM0291	Cluster 18	9
PHOM0300	Cluster 18	9
PHOM0336	Cluster 18	9
PHOM0340	Cluster 18	9
PHOM0351	Cluster 18	9
PHOM0357	Cluster 18	9
PHOM0365	Cluster 18	9
PHOM0368	Cluster 18	9
PHOM0371	Cluster 18	9
PHOM0374	Cluster 18	9
PHOM0396	Cluster 18	9
PHOM0405	Cluster 18	9
PHOM0406	Cluster 18	9
PHOM0408	Cluster 18	9
PHOM0414	Cluster 18	9
PHOM0425	Cluster 18	9
PHOM0464	Cluster 18	9
PHOM0470	Cluster 18	9
PHOM0485	Cluster 18	9
PHOM0502	Cluster 18	9
PHOM0511	Cluster 18	9
PHOM0556	Cluster 18	9
PHOM0558	Cluster 18	9
PHOM0566	Cluster 18	9
PHOM0568	Cluster 18	9
PHOM0595	Cluster 18	9
PHOS0004	Cluster 18	9
0000063630	Cluster 22	10
0000064282	Cluster 22	10
0000064382	Cluster 22	10
0999933469	Cluster 22	10
0999934651	Cluster 22	10
0999936135	Cluster 22	10
1000065026	Cluster 22	10
1000065460	Cluster 22	10
1000066092	Cluster 22	10
1999934681	Cluster 22	10
1999936047	Cluster 22	10
1999936057	Cluster 22	10
1999936679	Cluster 22	10
1999936727	Cluster 22	10
2000063962	Cluster 22	10
2000064464	Cluster 22	10
2999934721	Cluster 22	10
2999934959	Cluster 22	10
2999935469	Cluster 22	10
2999935633	Cluster 22	10
2999935693	Cluster 22	10
2999935713	Cluster 22	10
2999936437	Cluster 22	10
3000064128	Cluster 22	10
3000064138	Cluster 22	10
3000064154	Cluster 22	10
3000064616	Cluster 22	10
3000064636	Cluster 22	10
3999934573	Cluster 22	10
3999934911	Cluster 22	10
3999935055	Cluster 22	10
3999937277	Cluster 22	10
3999937287	Cluster 22	10
4000063926	Cluster 22	10
4000065868	Cluster 22	10
4000065982	Cluster 22	10
4000066372	Cluster 22	10
4999934831	Cluster 22	10
4999934861	Cluster 22	10
4999936997	Cluster 22	10
5000063476	Cluster 22	10
5000064564	Cluster 22	10
5000064670	Cluster 22	10
5000065170	Cluster 22	10
5000065238	Cluster 22	10
5999934563	Cluster 22	10
5999934603	Cluster 22	10
5999935335	Cluster 22	10
5999935987	Cluster 22	10
6000063818	Cluster 22	10
6000064410	Cluster 22	10
6000065812	Cluster 22	10
6000066342	Cluster 22	10
6999935801	Cluster 22	10
6999935821	Cluster 22	10
6999935827	Cluster 22	10
6999937405	Cluster 22	10
7000063142	Cluster 22	10
7000063702	Cluster 22	10
7000063800	Cluster 22	10
7000063810	Cluster 22	10
7000063840	Cluster 22	10
7000064914	Cluster 22	10
7000064924	Cluster 22	10
7000064974	Cluster 22	10
7999934305	Cluster 22	10
7999936071	Cluster 22	10
7999936449	Cluster 22	10
7999936459	Cluster 22	10
8000063320	Cluster 22	10
8000064816	Cluster 22	10
8000065216	Cluster 22	10
8999935619	Cluster 22	10
9000063874	Cluster 22	10
9000064140	Cluster 22	10
9000065118	Cluster 22	10
9000065142	Cluster 22	10
9999934095	Cluster 22	10
9999934531	Cluster 22	10
9999936349	Cluster 22	10
AYUM0030	Cluster 22	10
AYUM0043	Cluster 22	10
AYUM0084	Cluster 22	10
AYUM0093	Cluster 22	10
AYUM0171	Cluster 22	10
AYUM0323	Cluster 22	10
AYUM0325	Cluster 22	10
AYUM0333	Cluster 22	10
AYUM0467	Cluster 22	10
AYUM0484	Cluster 22	10
AYUM0621	Cluster 22	10
AYUM0643	Cluster 22	10
C_AC0043	Cluster 22	10
C_AC0064	Cluster 22	10
C_AC0084	Cluster 22	10
C_AC0145	Cluster 22	10
C_AC0152	Cluster 22	10
C_AC0176	Cluster 22	10
C_AC0265	Cluster 22	10
C_AC0429	Cluster 22	10
C_AC0437	Cluster 22	10
C_AC0468	Cluster 22	10
C_AC0490	Cluster 22	10
C_AC0544	Cluster 22	10
C_AC0560	Cluster 22	10
C_AC0573	Cluster 22	10
C_AC0596	Cluster 22	10
C_AC0713	Cluster 22	10
C_AC0875	Cluster 22	10
C_AC0924	Cluster 22	10
C_AC0926	Cluster 22	10
C_AC0954	Cluster 22	10
C_AC1566	Cluster 22	10
C_AC1692	Cluster 22	10
HVUM0032	Cluster 22	10
HVUM0046	Cluster 22	10
HVUM0051	Cluster 22	10
HVUM0059	Cluster 22	10
HVUM0103	Cluster 22	10
HVUM0108	Cluster 22	10
HVUM0109	Cluster 22	10
HVUM0154	Cluster 22	10
HVUM0286	Cluster 22	10
HVUM0318	Cluster 22	10
HVUM0332	Cluster 22	10
HVUM0417	Cluster 22	10
HVUM0431	Cluster 22	10
HVUM0432	Cluster 22	10
HVUM0497	Cluster 22	10
HVUM0499	Cluster 22	10
HVUM0576	Cluster 22	10
HVUM0603	Cluster 22	10
HVUM0604	Cluster 22	10
HVUM0642	Cluster 22	10
HVUM0717	Cluster 22	10
HVUM1073	Cluster 22	10
HVUM1078	Cluster 22	10
LCAC0094	Cluster 22	10
LCAC0111	Cluster 22	10
LCAC0236	Cluster 22	10
LCAC0359	Cluster 22	10
LCAC0411	Cluster 22	10
LCAC0441	Cluster 22	10
LCAC0489	Cluster 22	10
LCAC0493	Cluster 22	10
LCAC0541	Cluster 22	10
LCAC0577	Cluster 22	10
LCAC0616	Cluster 22	10
LCAC0630	Cluster 22	10
LCAC0653	Cluster 22	10
LCAC0690	Cluster 22	10
LCAC0706	Cluster 22	10
LCAC0727	Cluster 22	10
LCAC0827	Cluster 22	10
LCAC0835	Cluster 22	10
LCAC0867	Cluster 22	10
LCAC0869	Cluster 22	10
LCAC0921	Cluster 22	10
NAG11201	Cluster 22	10
NAG11679	Cluster 22	10
NAG11921	Cluster 22	10
NAG12342	Cluster 22	10
NAG12604	Cluster 22	10
NAG12754	Cluster 22	10
NAG13095	Cluster 22	10
NAG13812	Cluster 22	10
NAG14186	Cluster 22	10
NAG14279	Cluster 22	10
NAG14489	Cluster 22	10
NAG14895	Cluster 22	10
NAG15515	Cluster 22	10
NAG16398	Cluster 22	10
NAG16689	Cluster 22	10
NAG17017	Cluster 22	10
NAG18131	Cluster 22	10
NAG18368	Cluster 22	10
NAG18376	Cluster 22	10
NAG19027	Cluster 22	10
NAG19220	Cluster 22	10
NAG19375	Cluster 22	10
NAG19736	Cluster 22	10
PHOM0135	Cluster 22	10
PHOM0158	Cluster 22	10
PHOM0223	Cluster 22	10
PHOM0258	Cluster 22	10
PHOM0341	Cluster 22	10
PHOM0436	Cluster 22	10
PHOM0454	Cluster 22	10
PHOM0588	Cluster 22	10
PHOM0597	Cluster 22	10
PHOM0622	Cluster 22	10
0000064442	Cluster 16	11
0000064926	Cluster 16	11
0000065958	Cluster 16	11
1000065560	Cluster 16	11
1999935885	Cluster 16	11
4000063906	Cluster 16	11
4000064380	Cluster 16	11
4000066754	Cluster 16	11
4000066824	Cluster 16	11
4000067374	Cluster 16	11
4999935305	Cluster 16	11
4999936497	Cluster 16	11
5000064690	Cluster 16	11
5000065248	Cluster 16	11
5999935859	Cluster 16	11
6000064258	Cluster 16	11
6999935243	Cluster 16	11
7000063816	Cluster 16	11
7000065004	Cluster 16	11
7999934467	Cluster 16	11
7999936101	Cluster 16	11
8999935709	Cluster 16	11
8999935749	Cluster 16	11
9000064508	Cluster 16	11
AYUM0328	Cluster 16	11
C_AC0147	Cluster 16	11
C_AC0320	Cluster 16	11
C_AC0613	Cluster 16	11
C_AC0795	Cluster 16	11
HVUM0090	Cluster 16	11
HVUM0163	Cluster 16	11
HVUM0625	Cluster 16	11
LCAC0002	Cluster 16	11
LCAC0530	Cluster 16	11
NAG10061	Cluster 16	11
NAG14226	Cluster 16	11
NAG16969	Cluster 16	11
NAG19224	Cluster 16	11
NAG19666	Cluster 16	11
PHOM0395	Cluster 16	11
PHOM0559	Cluster 16	11
0000063160	Cluster 20	12
0000064402	Cluster 20	12
0999934813	Cluster 20	12
0999936075	Cluster 20	12
1000065500	Cluster 20	12
1999935261	Cluster 20	12
1999935845	Cluster 20	12
1999936393	Cluster 20	12
1999936413	Cluster 20	12
1999936607	Cluster 20	12
1999936619	Cluster 20	12
1999936657	Cluster 20	12
2000064266	Cluster 20	12
2000064280	Cluster 20	12
2000064320	Cluster 20	12
2000065648	Cluster 20	12
2999935569	Cluster 20	12
2999936477	Cluster 20	12
3000064064	Cluster 20	12
3000064100	Cluster 20	12
3000064696	Cluster 20	12
3999936609	Cluster 20	12
4000064430	Cluster 20	12
4000064516	Cluster 20	12
4000065922	Cluster 20	12
5000064016	Cluster 20	12
5000064122	Cluster 20	12
5000064534	Cluster 20	12
5000064620	Cluster 20	12
5000064700	Cluster 20	12
5000065184	Cluster 20	12
5999934613	Cluster 20	12
6000064296	Cluster 20	12
6000065792	Cluster 20	12
6999935253	Cluster 20	12
7000063112	Cluster 20	12
7000063210	Cluster 20	12
7000063786	Cluster 20	12
7000065024	Cluster 20	12
8000063330	Cluster 20	12
8999935099	Cluster 20	12
8999935525	Cluster 20	12
8999935625	Cluster 20	12
8999935649	Cluster 20	12
8999936361	Cluster 20	12
9000064150	Cluster 20	12
9000064538	Cluster 20	12
9000065122	Cluster 20	12
9999936309	Cluster 20	12
9999936379	Cluster 20	12
AYUM0007	Cluster 20	12
AYUM0018	Cluster 20	12
AYUM0079	Cluster 20	12
AYUM0198	Cluster 20	12
AYUM0326	Cluster 20	12
AYUM0360	Cluster 20	12
AYUM0406	Cluster 20	12
AYUM0488	Cluster 20	12
AYUM0519	Cluster 20	12
AYUM0552	Cluster 20	12
AYUM0560	Cluster 20	12
AYUM0579	Cluster 20	12
AYUM0709	Cluster 20	12
AYUM1006	Cluster 20	12
AYUM5018	Cluster 20	12
AYUM5019	Cluster 20	12
AYUM5025	Cluster 20	12
AYUM5026	Cluster 20	12
AYUM5030	Cluster 20	12
AYUM5044	Cluster 20	12
AYUM5046	Cluster 20	12
AYUM5101	Cluster 20	12
AYUM5104	Cluster 20	12
AYUM5105	Cluster 20	12
AYUM5117	Cluster 20	12
AYUM5121	Cluster 20	12
AYUM5123	Cluster 20	12
AYUM5127	Cluster 20	12
AYUM5133	Cluster 20	12
AYUM5134	Cluster 20	12
AYUM5141	Cluster 20	12
AYUM5155	Cluster 20	12
AYUM5156	Cluster 20	12
AYUM5165	Cluster 20	12
C_AC0121	Cluster 20	12
C_AC0207	Cluster 20	12
C_AC0376	Cluster 20	12
C_AC0498	Cluster 20	12
C_AC0644	Cluster 20	12
C_AC0701	Cluster 20	12
C_AC0702	Cluster 20	12
C_AC0807	Cluster 20	12
C_AC0841	Cluster 20	12
C_AC0918	Cluster 20	12
C_AC1685	Cluster 20	12
HVUM0028	Cluster 20	12
HVUM0039	Cluster 20	12
HVUM0044	Cluster 20	12
HVUM0050	Cluster 20	12
HVUM0082	Cluster 20	12
HVUM0142	Cluster 20	12
HVUM0174	Cluster 20	12
HVUM0352	Cluster 20	12
HVUM0368	Cluster 20	12
HVUM0457	Cluster 20	12
HVUM0475	Cluster 20	12
HVUM0502	Cluster 20	12
HVUM0541	Cluster 20	12
HVUM0550	Cluster 20	12
HVUM0551	Cluster 20	12
HVUM0562	Cluster 20	12
HVUM0669	Cluster 20	12
HVUM0710	Cluster 20	12
HVUM0735	Cluster 20	12
HVUM0746	Cluster 20	12
HVUM0755	Cluster 20	12
HVUM0761	Cluster 20	12
HVUM0762	Cluster 20	12
LCAC0076	Cluster 20	12
LCAC0537	Cluster 20	12
LCAC0575	Cluster 20	12
LCAC0655	Cluster 20	12
LCAC0719	Cluster 20	12
LCAC0874	Cluster 20	12
NAG10326	Cluster 20	12
NAG10885	Cluster 20	12
NAG11035	Cluster 20	12
NAG11577	Cluster 20	12
NAG11811	Cluster 20	12
NAG13208	Cluster 20	12
NAG14805	Cluster 20	12
NAG15135	Cluster 20	12
NAG16051	Cluster 20	12
NAG16320	Cluster 20	12
NAG16645	Cluster 20	12
NAG18974	Cluster 20	12
NAG19688	Cluster 20	12
PHOM0076	Cluster 20	12
PHOM0108	Cluster 20	12
PHOM0184	Cluster 20	12
PHOM0275	Cluster 20	12
PHOM0278	Cluster 20	12
PHOM0286	Cluster 20	12
PHOM0332	Cluster 20	12
0000063170	Cluster 11	13
0000064422	Cluster 11	13
0000065898	Cluster 11	13
0999933489	Cluster 11	13
0999934723	Cluster 11	13
0999934783	Cluster 11	13
0999934947	Cluster 11	13
0999935447	Cluster 11	13
0999935467	Cluster 11	13
1000063778	Cluster 11	13
1000064906	Cluster 11	13
1000065520	Cluster 11	13
1999935251	Cluster 11	13
1999936709	Cluster 11	13
1999936729	Cluster 11	13
1999936759	Cluster 11	13
2000064256	Cluster 11	13
2000064800	Cluster 11	13
2000065698	Cluster 11	13
2999934281	Cluster 11	13
2999935095	Cluster 11	13
2999935529	Cluster 11	13
2999935753	Cluster 11	13
3000062912	Cluster 11	13
3000062932	Cluster 11	13
3000064110	Cluster 11	13
3999934841	Cluster 11	13
3999934861	Cluster 11	13
4000063976	Cluster 11	13
4000064260	Cluster 11	13
4000064290	Cluster 11	13
4000064420	Cluster 11	13
4000065288	Cluster 11	13
4000065348	Cluster 11	13
4000065878	Cluster 11	13
4999937017	Cluster 11	13
5000063456	Cluster 11	13
5000064032	Cluster 11	13
5000064544	Cluster 11	13
5000064634	Cluster 11	13
5000064680	Cluster 11	13
5000065208	Cluster 11	13
5000065598	Cluster 11	13
5999935285	Cluster 11	13
5999935909	Cluster 11	13
5999935947	Cluster 11	13
6000064266	Cluster 11	13
6999935193	Cluster 11	13
6999935203	Cluster 11	13
6999935267	Cluster 11	13
6999935277	Cluster 11	13
6999935841	Cluster 11	13
6999935851	Cluster 11	13
6999937375	Cluster 11	13
7999935027	Cluster 11	13
7999935553	Cluster 11	13
8000063340	Cluster 11	13
8000063360	Cluster 11	13
8000063688	Cluster 11	13
8000063698	Cluster 11	13
8000064308	Cluster 11	13
8999935579	Cluster 11	13
9000064096	Cluster 11	13
9999934675	Cluster 11	13
9999935307	Cluster 11	13
9999935323	Cluster 11	13
9999935373	Cluster 11	13
9999936289	Cluster 11	13
AYUM0160	Cluster 11	13
AYUM0258	Cluster 11	13
AYUM0321	Cluster 11	13
AYUM0334	Cluster 11	13
AYUM0362	Cluster 11	13
AYUM0374	Cluster 11	13
AYUM0384	Cluster 11	13
AYUM0597	Cluster 11	13
AYUM0715	Cluster 11	13
AYUM5017	Cluster 11	13
AYUM5038	Cluster 11	13
AYUM5039	Cluster 11	13
AYUM5040	Cluster 11	13
AYUM5103	Cluster 11	13
AYUM5111	Cluster 11	13
AYUM5119	Cluster 11	13
AYUM5128	Cluster 11	13
AYUM5129	Cluster 11	13
AYUM5130	Cluster 11	13
AYUM5132	Cluster 11	13
AYUM5140	Cluster 11	13
AYUM5144	Cluster 11	13
AYUM5145	Cluster 11	13
AYUM5146	Cluster 11	13
AYUM5149	Cluster 11	13
AYUM5152	Cluster 11	13
AYUM5154	Cluster 11	13
AYUM5158	Cluster 11	13
AYUM5164	Cluster 11	13
C_AC0038	Cluster 11	13
C_AC0229	Cluster 11	13
C_AC0261	Cluster 11	13
C_AC0409	Cluster 11	13
C_AC0665	Cluster 11	13
C_AC0931	Cluster 11	13
C_AC0943	Cluster 11	13
C_AC1522	Cluster 11	13
C_AC1526	Cluster 11	13
C_AC1679	Cluster 11	13
HVUM0011	Cluster 11	13
HVUM0022	Cluster 11	13
HVUM0049	Cluster 11	13
HVUM0102	Cluster 11	13
HVUM0105	Cluster 11	13
HVUM0271	Cluster 11	13
HVUM0278	Cluster 11	13
HVUM0292	Cluster 11	13
HVUM0316	Cluster 11	13
HVUM0545	Cluster 11	13
HVUM0657	Cluster 11	13
HVUM0712	Cluster 11	13
HVUM0737	Cluster 11	13
LCAC0164	Cluster 11	13
LCAC0321	Cluster 11	13
LCAC0362	Cluster 11	13
LCAC0506	Cluster 11	13
LCAC0805	Cluster 11	13
LCAC0826	Cluster 11	13
LCAC0910	Cluster 11	13
NAG10524	Cluster 11	13
NAG10741	Cluster 11	13
NAG11564	Cluster 11	13
NAG11632	Cluster 11	13
NAG12128	Cluster 11	13
NAG12137	Cluster 11	13
NAG15170	Cluster 11	13
NAG16025	Cluster 11	13
NAG17561	Cluster 11	13
NAG18519	Cluster 11	13
PHOM0057	Cluster 11	13
PHOM0137	Cluster 11	13
PHOM0160	Cluster 11	13
PHOM0297	Cluster 11	13
PHOM0525	Cluster 11	13
0000063180	Cluster 8	14
0000065948	Cluster 8	14
0999934773	Cluster 8	14
0999935031	Cluster 8	14
0999935081	Cluster 8	14
0999936175	Cluster 8	14
2000064270	Cluster 8	14
2000064310	Cluster 8	14
2000064474	Cluster 8	14
2000064494	Cluster 8	14
2999934949	Cluster 8	14
2999935075	Cluster 8	14
2999936407	Cluster 8	14
3000064686	Cluster 8	14
3999935203	Cluster 8	14
4999934643	Cluster 8	14
4999935309	Cluster 8	14
4999935329	Cluster 8	14
5999935849	Cluster 8	14
6999935807	Cluster 8	14
6999936755	Cluster 8	14
6999936939	Cluster 8	14
6999936959	Cluster 8	14
7000063820	Cluster 8	14
7000064964	Cluster 8	14
7999935037	Cluster 8	14
8999935485	Cluster 8	14
8999935615	Cluster 8	14
8999935659	Cluster 8	14
9000064056	Cluster 8	14
9000064106	Cluster 8	14
9999934031	Cluster 8	14
9999935337	Cluster 8	14
AYUM0123	Cluster 8	14
C_AC0091	Cluster 8	14
C_AC0803	Cluster 8	14
C_AC0886	Cluster 8	14
HVUM0065	Cluster 8	14
HVUM0112	Cluster 8	14
LCAC0156	Cluster 8	14
LCAC0347	Cluster 8	14
LCAC0467	Cluster 8	14
LCAC0499	Cluster 8	14
LCAC0536	Cluster 8	14
NAG10019	Cluster 8	14
NAG10055	Cluster 8	14
NAG10102	Cluster 8	14
NAG10164	Cluster 8	14
NAG10172	Cluster 8	14
NAG10213	Cluster 8	14
NAG10233	Cluster 8	14
NAG10267	Cluster 8	14
NAG10300	Cluster 8	14
NAG10428	Cluster 8	14
NAG10431	Cluster 8	14
NAG10438	Cluster 8	14
NAG10488	Cluster 8	14
NAG10544	Cluster 8	14
NAG10632	Cluster 8	14
NAG10774	Cluster 8	14
NAG10835	Cluster 8	14
NAG10855	Cluster 8	14
NAG10866	Cluster 8	14
NAG10889	Cluster 8	14
NAG10897	Cluster 8	14
NAG10975	Cluster 8	14
NAG10997	Cluster 8	14
NAG11075	Cluster 8	14
NAG11077	Cluster 8	14
NAG11243	Cluster 8	14
NAG11315	Cluster 8	14
NAG11357	Cluster 8	14
NAG11358	Cluster 8	14
NAG11365	Cluster 8	14
NAG11476	Cluster 8	14
NAG11493	Cluster 8	14
NAG11505	Cluster 8	14
NAG11556	Cluster 8	14
NAG11569	Cluster 8	14
NAG11589	Cluster 8	14
NAG11657	Cluster 8	14
NAG11665	Cluster 8	14
NAG11780	Cluster 8	14
NAG11786	Cluster 8	14
NAG11801	Cluster 8	14
NAG11851	Cluster 8	14
NAG11858	Cluster 8	14
NAG11884	Cluster 8	14
NAG11892	Cluster 8	14
NAG11936	Cluster 8	14
NAG12033	Cluster 8	14
NAG12106	Cluster 8	14
NAG12130	Cluster 8	14
NAG12147	Cluster 8	14
NAG12172	Cluster 8	14
NAG12195	Cluster 8	14
NAG12222	Cluster 8	14
NAG12224	Cluster 8	14
NAG12226	Cluster 8	14
NAG12236	Cluster 8	14
NAG12239	Cluster 8	14
NAG12336	Cluster 8	14
NAG12385	Cluster 8	14
NAG12438	Cluster 8	14
NAG12492	Cluster 8	14
NAG12508	Cluster 8	14
NAG12536	Cluster 8	14
NAG12646	Cluster 8	14
NAG12793	Cluster 8	14
NAG12873	Cluster 8	14
NAG12945	Cluster 8	14
NAG12949	Cluster 8	14
NAG12954	Cluster 8	14
NAG12963	Cluster 8	14
NAG13112	Cluster 8	14
NAG13130	Cluster 8	14
NAG13163	Cluster 8	14
NAG13188	Cluster 8	14
NAG13220	Cluster 8	14
NAG13279	Cluster 8	14
NAG13328	Cluster 8	14
NAG13350	Cluster 8	14
NAG13402	Cluster 8	14
NAG13405	Cluster 8	14
NAG13410	Cluster 8	14
NAG13440	Cluster 8	14
NAG13574	Cluster 8	14
NAG13582	Cluster 8	14
NAG13634	Cluster 8	14
NAG13674	Cluster 8	14
NAG13698	Cluster 8	14
NAG13710	Cluster 8	14
NAG13727	Cluster 8	14
NAG13785	Cluster 8	14
NAG13791	Cluster 8	14
NAG13900	Cluster 8	14
NAG14030	Cluster 8	14
NAG14089	Cluster 8	14
NAG14125	Cluster 8	14
NAG14176	Cluster 8	14
NAG14262	Cluster 8	14
NAG14335	Cluster 8	14
NAG14391	Cluster 8	14
NAG14425	Cluster 8	14
NAG14427	Cluster 8	14
NAG14430	Cluster 8	14
NAG14441	Cluster 8	14
NAG14476	Cluster 8	14
NAG14545	Cluster 8	14
NAG14608	Cluster 8	14
NAG14709	Cluster 8	14
NAG14754	Cluster 8	14
NAG14823	Cluster 8	14
NAG14827	Cluster 8	14
NAG14850	Cluster 8	14
NAG14873	Cluster 8	14
NAG14903	Cluster 8	14
NAG14958	Cluster 8	14
NAG14975	Cluster 8	14
NAG15067	Cluster 8	14
NAG15144	Cluster 8	14
NAG15222	Cluster 8	14
NAG15248	Cluster 8	14
NAG15274	Cluster 8	14
NAG15323	Cluster 8	14
NAG15369	Cluster 8	14
NAG15375	Cluster 8	14
NAG15400	Cluster 8	14
NAG15430	Cluster 8	14
NAG15436	Cluster 8	14
NAG15599	Cluster 8	14
NAG15617	Cluster 8	14
NAG15694	Cluster 8	14
NAG15705	Cluster 8	14
NAG15710	Cluster 8	14
NAG15736	Cluster 8	14
NAG15770	Cluster 8	14
NAG16073	Cluster 8	14
NAG16085	Cluster 8	14
NAG16113	Cluster 8	14
NAG16120	Cluster 8	14
NAG16174	Cluster 8	14
NAG16237	Cluster 8	14
NAG16244	Cluster 8	14
NAG16266	Cluster 8	14
NAG16276	Cluster 8	14
NAG16297	Cluster 8	14
NAG16308	Cluster 8	14
NAG16318	Cluster 8	14
NAG16324	Cluster 8	14
NAG16441	Cluster 8	14
NAG16456	Cluster 8	14
NAG16517	Cluster 8	14
NAG16528	Cluster 8	14
NAG16564	Cluster 8	14
NAG16627	Cluster 8	14
NAG16692	Cluster 8	14
NAG16756	Cluster 8	14
NAG16770	Cluster 8	14
NAG16859	Cluster 8	14
NAG16901	Cluster 8	14
NAG16957	Cluster 8	14
NAG17018	Cluster 8	14
NAG17022	Cluster 8	14
NAG17058	Cluster 8	14
NAG17074	Cluster 8	14
NAG17077	Cluster 8	14
NAG17082	Cluster 8	14
NAG17088	Cluster 8	14
NAG17104	Cluster 8	14
NAG17162	Cluster 8	14
NAG17169	Cluster 8	14
NAG17210	Cluster 8	14
NAG17232	Cluster 8	14
NAG17243	Cluster 8	14
NAG17333	Cluster 8	14
NAG17406	Cluster 8	14
NAG17435	Cluster 8	14
NAG17498	Cluster 8	14
NAG17532	Cluster 8	14
NAG17541	Cluster 8	14
NAG17614	Cluster 8	14
NAG17637	Cluster 8	14
NAG17648	Cluster 8	14
NAG17686	Cluster 8	14
NAG17704	Cluster 8	14
NAG17708	Cluster 8	14
NAG17713	Cluster 8	14
NAG17814	Cluster 8	14
NAG17824	Cluster 8	14
NAG17856	Cluster 8	14
NAG17858	Cluster 8	14
NAG18012	Cluster 8	14
NAG18036	Cluster 8	14
NAG18067	Cluster 8	14
NAG18150	Cluster 8	14
NAG18210	Cluster 8	14
NAG18389	Cluster 8	14
NAG18428	Cluster 8	14
NAG18452	Cluster 8	14
NAG18500	Cluster 8	14
NAG18509	Cluster 8	14
NAG18552	Cluster 8	14
NAG18568	Cluster 8	14
NAG18610	Cluster 8	14
NAG18653	Cluster 8	14
NAG18675	Cluster 8	14
NAG18803	Cluster 8	14
NAG18835	Cluster 8	14
NAG18871	Cluster 8	14
NAG18897	Cluster 8	14
NAG18993	Cluster 8	14
NAG19008	Cluster 8	14
NAG19036	Cluster 8	14
NAG19071	Cluster 8	14
NAG19094	Cluster 8	14
NAG19110	Cluster 8	14
NAG19145	Cluster 8	14
NAG19196	Cluster 8	14
NAG19207	Cluster 8	14
NAG19231	Cluster 8	14
NAG19361	Cluster 8	14
NAG19393	Cluster 8	14
NAG19433	Cluster 8	14
NAG19462	Cluster 8	14
NAG19515	Cluster 8	14
NAG19536	Cluster 8	14
NAG19576	Cluster 8	14
NAG19608	Cluster 8	14
NAG19627	Cluster 8	14
NAG19679	Cluster 8	14
NAG19691	Cluster 8	14
NAG19707	Cluster 8	14
PHOK0028	Cluster 8	14
PHOM0028	Cluster 8	14
PHOM0114	Cluster 8	14
PHOM0150	Cluster 8	14
PHOM0245	Cluster 8	14
PHOM0262	Cluster 8	14
PHOM0279	Cluster 8	14
PHOM0330	Cluster 8	14
0000063134	Cluster 4	15
0999935407	Cluster 4	15
0999935495	Cluster 4	15
0999935505	Cluster 4	15
0999936145	Cluster 4	15
1000065480	Cluster 4	15
1999934691	Cluster 4	15
1999936769	Cluster 4	15
2000064220	Cluster 4	15
2000064236	Cluster 4	15
2000064250	Cluster 4	15
2999935015	Cluster 4	15
2999935045	Cluster 4	15
2999935559	Cluster 4	15
2999935743	Cluster 4	15
3000062942	Cluster 4	15
3000064090	Cluster 4	15
3000064144	Cluster 4	15
3000064164	Cluster 4	15
3000064606	Cluster 4	15
3000064666	Cluster 4	15
3999934901	Cluster 4	15
3999935045	Cluster 4	15
3999935075	Cluster 4	15
4000063886	Cluster 4	15
4000064870	Cluster 4	15
4999935325	Cluster 4	15
4999935335	Cluster 4	15
4999936977	Cluster 4	15
4999936987	Cluster 4	15
5000064036	Cluster 4	15
5000064660	Cluster 4	15
5000065174	Cluster 4	15
5000065194	Cluster 4	15
5000065198	Cluster 4	15
5999935101	Cluster 4	15
5999935275	Cluster 4	15
5999935537	Cluster 4	15
5999935681	Cluster 4	15
5999935937	Cluster 4	15
6000065074	Cluster 4	15
6000065892	Cluster 4	15
6999934693	Cluster 4	15
6999935811	Cluster 4	15
6999935817	Cluster 4	15
6999936989	Cluster 4	15
6999936999	Cluster 4	15
6999937019	Cluster 4	15
7000063830	Cluster 4	15
7000064308	Cluster 4	15
7999934325	Cluster 4	15
7999934937	Cluster 4	15
7999936061	Cluster 4	15
8999935055	Cluster 4	15
8999935233	Cluster 4	15
8999935565	Cluster 4	15
8999935605	Cluster 4	15
8999935609	Cluster 4	15
8999936377	Cluster 4	15
9000063894	Cluster 4	15
9000064086	Cluster 4	15
9000064180	Cluster 4	15
9999934511	Cluster 4	15
9999934551	Cluster 4	15
9999934695	Cluster 4	15
AYUM0061	Cluster 4	15
AYUM0277	Cluster 4	15
C_AC0912	Cluster 4	15
C_AC1706	Cluster 4	15
HVUM0402	Cluster 4	15
HVUM0415	Cluster 4	15
HVUM0538	Cluster 4	15
HVUM0651	Cluster 4	15
LCAC0345	Cluster 4	15
NAG10137	Cluster 4	15
NAG11537	Cluster 4	15
NAG14290	Cluster 4	15
NAG14872	Cluster 4	15
NAG15763	Cluster 4	15
NAG15823	Cluster 4	15
NAG16224	Cluster 4	15
NAG17278	Cluster 4	15
PHOM0519	Cluster 4	15
0000064362	Cluster 13	16
0999934957	Cluster 13	16
0999935457	Cluster 13	16
0999935477	Cluster 13	16
1000063688	Cluster 13	16
1000063738	Cluster 13	16
1000065734	Cluster 13	16
1000066062	Cluster 13	16
1999935295	Cluster 13	16
1999936639	Cluster 13	16
1999936667	Cluster 13	16
2000065668	Cluster 13	16
2999935065	Cluster 13	16
3000064120	Cluster 13	16
3000064148	Cluster 13	16
3000064676	Cluster 13	16
3999935085	Cluster 13	16
3999936777	Cluster 13	16
4000063896	Cluster 13	16
4000066794	Cluster 13	16
4999934623	Cluster 13	16
4999934673	Cluster 13	16
4999935365	Cluster 13	16
4999937007	Cluster 13	16
4999937067	Cluster 13	16
5000063436	Cluster 13	16
5999935839	Cluster 13	16
6000063788	Cluster 13	16
6000063858	Cluster 13	16
6000064390	Cluster 13	16
6000065782	Cluster 13	16
6999935287	Cluster 13	16
6999937325	Cluster 13	16
8000063778	Cluster 13	16
8000063802	Cluster 13	16
8000063812	Cluster 13	16
8000064298	Cluster 13	16
8999936387	Cluster 13	16
8999936397	Cluster 13	16
9000065112	Cluster 13	16
9999934615	Cluster 13	16
9999934625	Cluster 13	16
AYUM0066	Cluster 13	16
AYUM0588	Cluster 13	16
C_AC0645	Cluster 13	16
C_AC0810	Cluster 13	16
C_AC0882	Cluster 13	16
HVUM0169	Cluster 13	16
HVUM0388	Cluster 13	16
HVUM0720	Cluster 13	16
LCAC0552	Cluster 13	16
LCAC0691	Cluster 13	16
LCAC0782	Cluster 13	16
LCAC0853	Cluster 13	16
LCAC0891	Cluster 13	16
NAG15363	Cluster 13	16
NAG16574	Cluster 13	16
NAG18084	Cluster 13	16
NAG18295	Cluster 13	16
0000063150	Cluster 15	17
0000063174	Cluster 15	17
0000064292	Cluster 15	17
0000064352	Cluster 15	17
0000065878	Cluster 15	17
0999932979	Cluster 15	17
0999933479	Cluster 15	17
0999934233	Cluster 15	17
0999934671	Cluster 15	17
0999934917	Cluster 15	17
0999935061	Cluster 15	17
0999936155	Cluster 15	17
1000063708	Cluster 15	17
1000065016	Cluster 15	17
1000065550	Cluster 15	17
1999935271	Cluster 15	17
1999935305	Cluster 15	17
1999935875	Cluster 15	17
1999935973	Cluster 15	17
1999936617	Cluster 15	17
1999936629	Cluster 15	17
2000064246	Cluster 15	17
2000064290	Cluster 15	17
2000064524	Cluster 15	17
2000064552	Cluster 15	17
2000066168	Cluster 15	17
2999935023	Cluster 15	17
2999935539	Cluster 15	17
2999936427	Cluster 15	17
2999936457	Cluster 15	17
2999936467	Cluster 15	17
3000064084	Cluster 15	17
3000064134	Cluster 15	17
3000064158	Cluster 15	17
3000064626	Cluster 15	17
3999936599	Cluster 15	17
3999936629	Cluster 15	17
4000065298	Cluster 15	17
4000065318	Cluster 15	17
4000065398	Cluster 15	17
4999935289	Cluster 15	17
4999935339	Cluster 15	17
4999935349	Cluster 15	17
4999937047	Cluster 15	17
5000063486	Cluster 15	17
5000064012	Cluster 15	17
5000064026	Cluster 15	17
5000064062	Cluster 15	17
5000064082	Cluster 15	17
5000064612	Cluster 15	17
5000064640	Cluster 15	17
5000065140	Cluster 15	17
5000065160	Cluster 15	17
5000065188	Cluster 15	17
5999935651	Cluster 15	17
6000064336	Cluster 15	17
6000064950	Cluster 15	17
6000065034	Cluster 15	17
6000065444	Cluster 15	17
6000065802	Cluster 15	17
6000065832	Cluster 15	17
6999934703	Cluster 15	17
6999934713	Cluster 15	17
6999935381	Cluster 15	17
6999935857	Cluster 15	17
6999935861	Cluster 15	17
6999936949	Cluster 15	17
6999936969	Cluster 15	17
6999937455	Cluster 15	17
7000063230	Cluster 15	17
7000064406	Cluster 15	17
7000064944	Cluster 15	17
7999934345	Cluster 15	17
7999935073	Cluster 15	17
7999935493	Cluster 15	17
7999935533	Cluster 15	17
7999936429	Cluster 15	17
7999936439	Cluster 15	17
8000063708	Cluster 15	17
8000063780	Cluster 15	17
8000064074	Cluster 15	17
8000064318	Cluster 15	17
8000064726	Cluster 15	17
8000064736	Cluster 15	17
8000065196	Cluster 15	17
8999935243	Cluster 15	17
8999935599	Cluster 15	17
8999935689	Cluster 15	17
8999936331	Cluster 15	17
9000063844	Cluster 15	17
9000063864	Cluster 15	17
9000064036	Cluster 15	17
9999934521	Cluster 15	17
9999934645	Cluster 15	17
9999934685	Cluster 15	17
9999934843	Cluster 15	17
9999935283	Cluster 15	17
9999935347	Cluster 15	17
9999935367	Cluster 15	17
9999935789	Cluster 15	17
AYUM0040	Cluster 15	17
HVUM0016	Cluster 15	17
HVUM0106	Cluster 15	17
HVUM0508	Cluster 15	17
HVUM0660	Cluster 15	17
LCAC0429	Cluster 15	17
LCAC0838	Cluster 15	17
NAG11458	Cluster 15	17
NAG14434	Cluster 15	17
NAG14817	Cluster 15	17
